Spoofing;alertcenter.v1beta1.json;https://github.com/googleapis/discovery-artifact-manager/blob/21e590294930a32ed2034c3ef6bb43564ce8f73e/discoveries/alertcenter.v1beta1.json;discovery-artifact-manager;https://github.com/googleapis/discovery-artifact-manager
Spoofing;networkmanagement.v1.json;https://github.com/googleapis/discovery-artifact-manager/blob/cb3a93ea45188cba6053da9f9aacb5a467aaddbc/discoveries/networkmanagement.v1.json;discovery-artifact-manager;https://github.com/googleapis/discovery-artifact-manager
Spoofing;networkmanagement.v1beta1.json;https://github.com/googleapis/discovery-artifact-manager/blob/b244b6cc87a975d6bae49bcdf38bacd4ea391932/discoveries/networkmanagement.v1beta1.json;discovery-artifact-manager;https://github.com/googleapis/discovery-artifact-manager
Phishing;alertcenter.v1beta1.json;https://github.com/googleapis/discovery-artifact-manager/blob/21e590294930a32ed2034c3ef6bb43564ce8f73e/discoveries/alertcenter.v1beta1.json;discovery-artifact-manager;https://github.com/googleapis/discovery-artifact-manager
Phishing;unicode.json;https://github.com/googleapis/discovery-artifact-manager/blob/2539dde98dc4528992e26bc98e6a54689c5d7926/google-api-client-generator/src/googleapis/codegen/testdata/unicode.json;discovery-artifact-manager;https://github.com/googleapis/discovery-artifact-manager
Phishing;osconfig.v1.json;https://github.com/googleapis/discovery-artifact-manager/blob/5ea6f145760ab7c0cea79c02837623e05f435223/discoveries/osconfig.v1.json;discovery-artifact-manager;https://github.com/googleapis/discovery-artifact-manager
Phishing;osconfig.v1beta.json;https://github.com/googleapis/discovery-artifact-manager/blob/2ff152945d74eb011ee3c7e9989960fb8d89d0f2/discoveries/osconfig.v1beta.json;discovery-artifact-manager;https://github.com/googleapis/discovery-artifact-manager
Hijacking;websecurityscanner.v1.json;https://github.com/googleapis/discovery-artifact-manager/blob/951f19582082eb5d2913500bd0a526e0f5decf9c/discoveries/websecurityscanner.v1.json;discovery-artifact-manager;https://github.com/googleapis/discovery-artifact-manager
Overlay;sheets.v4.json;https://github.com/googleapis/discovery-artifact-manager/blob/2539dde98dc4528992e26bc98e6a54689c5d7926/toolkit/src/test/java/com/google/api/codegen/testsrc/discoveries/sheets.v4.json;discovery-artifact-manager;https://github.com/googleapis/discovery-artifact-manager
Overlay;sheets.v4.json;https://github.com/googleapis/discovery-artifact-manager/blob/2514b44f3c8516fdf5a9fd567c54800905d98923/discoveries/sheets.v4.json;discovery-artifact-manager;https://github.com/googleapis/discovery-artifact-manager
Monitoring;java_cloudmonitoring.v2beta2.json.baseline;https://github.com/googleapis/discovery-artifact-manager/blob/2539dde98dc4528992e26bc98e6a54689c5d7926/toolkit/src/test/java/com/google/api/codegen/testdata/discoveries/java/java_cloudmonitoring.v2beta2.json.baseline;discovery-artifact-manager;https://github.com/googleapis/discovery-artifact-manager
Monitoring;csharp_cloudmonitoring.v2beta2.json.baseline;https://github.com/googleapis/discovery-artifact-manager/blob/2539dde98dc4528992e26bc98e6a54689c5d7926/toolkit/src/test/java/com/google/api/codegen/testdata/discoveries/csharp/csharp_cloudmonitoring.v2beta2.json.baseline;discovery-artifact-manager;https://github.com/googleapis/discovery-artifact-manager
Monitoring;php_cloudmonitoring.v2beta2.json.baseline;https://github.com/googleapis/discovery-artifact-manager/blob/2539dde98dc4528992e26bc98e6a54689c5d7926/toolkit/src/test/java/com/google/api/codegen/testdata/discoveries/php/php_cloudmonitoring.v2beta2.json.baseline;discovery-artifact-manager;https://github.com/googleapis/discovery-artifact-manager
Monitoring;ruby_cloudmonitoring.v2beta2.json.baseline;https://github.com/googleapis/discovery-artifact-manager/blob/2539dde98dc4528992e26bc98e6a54689c5d7926/toolkit/src/test/java/com/google/api/codegen/testdata/discoveries/ruby/ruby_cloudmonitoring.v2beta2.json.baseline;discovery-artifact-manager;https://github.com/googleapis/discovery-artifact-manager
Splitting;dataflow.v1b3.json;https://github.com/googleapis/discovery-artifact-manager/blob/68600724803fe95fe83e1fc150b0f7cd8fe9d89d/discoveries/dataflow.v1b3.json;discovery-artifact-manager;https://github.com/googleapis/discovery-artifact-manager
Splitting;appengine.v1beta5.json;https://github.com/googleapis/discovery-artifact-manager/blob/2539dde98dc4528992e26bc98e6a54689c5d7926/toolkit/src/test/java/com/google/api/codegen/testsrc/discoveries/appengine.v1beta5.json;discovery-artifact-manager;https://github.com/googleapis/discovery-artifact-manager
Splitting;appengine.v1beta4.json;https://github.com/googleapis/discovery-artifact-manager/blob/1b24cf685de4a6efd23aa146c8eb8ef01f3756dd/discoveries/appengine.v1beta4.json;discovery-artifact-manager;https://github.com/googleapis/discovery-artifact-manager
Splitting;appengine.v1beta5.json;https://github.com/googleapis/discovery-artifact-manager/blob/1b24cf685de4a6efd23aa146c8eb8ef01f3756dd/discoveries/appengine.v1beta5.json;discovery-artifact-manager;https://github.com/googleapis/discovery-artifact-manager
Splitting;appengine.v1.json;https://github.com/googleapis/discovery-artifact-manager/blob/9370ea182abe142585a9e111c98f9fffef28a94f/discoveries/appengine.v1.json;discovery-artifact-manager;https://github.com/googleapis/discovery-artifact-manager
Splitting;appengine.v1beta.json;https://github.com/googleapis/discovery-artifact-manager/blob/9370ea182abe142585a9e111c98f9fffef28a94f/discoveries/appengine.v1beta.json;discovery-artifact-manager;https://github.com/googleapis/discovery-artifact-manager
Splitting;toolresults.v1beta3.json;https://github.com/googleapis/discovery-artifact-manager/blob/2514b44f3c8516fdf5a9fd567c54800905d98923/discoveries/toolresults.v1beta3.json;discovery-artifact-manager;https://github.com/googleapis/discovery-artifact-manager
Bypass;iap.v1.json;https://github.com/googleapis/discovery-artifact-manager/blob/ec8726bd25e81280e7245f31c7f731f2b3daf063/discoveries/iap.v1.json;discovery-artifact-manager;https://github.com/googleapis/discovery-artifact-manager
Bypass;osconfig.v1.json;https://github.com/googleapis/discovery-artifact-manager/blob/5ea6f145760ab7c0cea79c02837623e05f435223/discoveries/osconfig.v1.json;discovery-artifact-manager;https://github.com/googleapis/discovery-artifact-manager
Bypass;osconfig.v1beta.json;https://github.com/googleapis/discovery-artifact-manager/blob/2ff152945d74eb011ee3c7e9989960fb8d89d0f2/discoveries/osconfig.v1beta.json;discovery-artifact-manager;https://github.com/googleapis/discovery-artifact-manager
Bypass;sqladmin.v1beta4.json;https://github.com/googleapis/discovery-artifact-manager/blob/1b257d03d3a5daec3130bb4ac7bb31ca709abcf8/discoveries/sqladmin.v1beta4.json;discovery-artifact-manager;https://github.com/googleapis/discovery-artifact-manager
Bypass;dataflow.v1b3.json;https://github.com/googleapis/discovery-artifact-manager/blob/68600724803fe95fe83e1fc150b0f7cd8fe9d89d/discoveries/dataflow.v1b3.json;discovery-artifact-manager;https://github.com/googleapis/discovery-artifact-manager
Bypass;serviceconsumermanagement.v1.json;https://github.com/googleapis/discovery-artifact-manager/blob/9702e692e9e9dbb60a1445a7dae789f6846a2807/discoveries/serviceconsumermanagement.v1.json;discovery-artifact-manager;https://github.com/googleapis/discovery-artifact-manager
Bypass;serviceconsumermanagement.v1beta1.json;https://github.com/googleapis/discovery-artifact-manager/blob/9702e692e9e9dbb60a1445a7dae789f6846a2807/discoveries/serviceconsumermanagement.v1beta1.json;discovery-artifact-manager;https://github.com/googleapis/discovery-artifact-manager
Bypass;serviceusage.v1.json;https://github.com/googleapis/discovery-artifact-manager/blob/9702e692e9e9dbb60a1445a7dae789f6846a2807/discoveries/serviceusage.v1.json;discovery-artifact-manager;https://github.com/googleapis/discovery-artifact-manager
Bypass;serviceusage.v1beta1.json;https://github.com/googleapis/discovery-artifact-manager/blob/9702e692e9e9dbb60a1445a7dae789f6846a2807/discoveries/serviceusage.v1beta1.json;discovery-artifact-manager;https://github.com/googleapis/discovery-artifact-manager
Bypass;servicenetworking.v1beta.json;https://github.com/googleapis/discovery-artifact-manager/blob/0f62ef7e60de098d189db207ac0921c599edb4bd/discoveries/servicenetworking.v1beta.json;discovery-artifact-manager;https://github.com/googleapis/discovery-artifact-manager
Bypass;servicenetworking.v1.json;https://github.com/googleapis/discovery-artifact-manager/blob/0f62ef7e60de098d189db207ac0921c599edb4bd/discoveries/servicenetworking.v1.json;discovery-artifact-manager;https://github.com/googleapis/discovery-artifact-manager
Bypass;servicemanagement.v1.json;https://github.com/googleapis/discovery-artifact-manager/blob/ffdcca9773ad5f15d9160c48852395041f2b6e58/discoveries/servicemanagement.v1.json;discovery-artifact-manager;https://github.com/googleapis/discovery-artifact-manager
Abuse;safebrowsing.v4.json;https://github.com/googleapis/discovery-artifact-manager/blob/62f971ebf7e8056f0a4e53b4b5ebfd9bf830ab63/discoveries/safebrowsing.v4.json;discovery-artifact-manager;https://github.com/googleapis/discovery-artifact-manager
Abuse;sample_discovery.json;https://github.com/googleapis/discovery-artifact-manager/blob/2539dde98dc4528992e26bc98e6a54689c5d7926/google-api-client-generator/src/googleapis/codegen/testdata/sample_discovery.json;discovery-artifact-manager;https://github.com/googleapis/discovery-artifact-manager
Abuse;sample_shared.json;https://github.com/googleapis/discovery-artifact-manager/blob/2539dde98dc4528992e26bc98e6a54689c5d7926/google-api-client-generator/src/googleapis/codegen/testdata/sample_shared.json;discovery-artifact-manager;https://github.com/googleapis/discovery-artifact-manager
Abuse;groupssettings.v1.json;https://github.com/googleapis/discovery-artifact-manager/blob/51ca969648c1a7e92d10868fbe70a124ccb79c1c/discoveries/groupssettings.v1.json;discovery-artifact-manager;https://github.com/googleapis/discovery-artifact-manager
Abuse;firebasedynamiclinks.v1.json;https://github.com/googleapis/discovery-artifact-manager/blob/4233a919ca50caace3d34e10e3248a4df5c9b69e/discoveries/firebasedynamiclinks.v1.json;discovery-artifact-manager;https://github.com/googleapis/discovery-artifact-manager
Abuse;reseller.v1.json;https://github.com/googleapis/discovery-artifact-manager/blob/af388164be933758221b214084eb2c84cab07548/discoveries/reseller.v1.json;discovery-artifact-manager;https://github.com/googleapis/discovery-artifact-manager
Abuse;accessapproval.v1.json;https://github.com/googleapis/discovery-artifact-manager/blob/096fee7d508b289ed7dd44951c4edc1a1604ed26/discoveries/accessapproval.v1.json;discovery-artifact-manager;https://github.com/googleapis/discovery-artifact-manager
Abuse;drive.v3.json;https://github.com/googleapis/discovery-artifact-manager/blob/eee448ff23166159631ef50450f7d6c7d64e4b50/discoveries/drive.v3.json;discovery-artifact-manager;https://github.com/googleapis/discovery-artifact-manager
Overflow;cloudmonitoring.v2beta2.json;https://github.com/googleapis/discovery-artifact-manager/blob/2539dde98dc4528992e26bc98e6a54689c5d7926/toolkit/src/test/java/com/google/api/codegen/testsrc/discoveries/cloudmonitoring.v2beta2.json;discovery-artifact-manager;https://github.com/googleapis/discovery-artifact-manager
Overflow;servicecontrol.v1.json;https://github.com/googleapis/discovery-artifact-manager/blob/8a9b738c3c7a06432bf498f3bd828e36efe60583/discoveries/servicecontrol.v1.json;discovery-artifact-manager;https://github.com/googleapis/discovery-artifact-manager
Overflow;monitoring.v3.json;https://github.com/googleapis/discovery-artifact-manager/blob/e38e1f9c2dd86ee02b9617d1ef88b3cae50629c3/discoveries/monitoring.v3.json;discovery-artifact-manager;https://github.com/googleapis/discovery-artifact-manager
Overflow;logging.v2.json;https://github.com/googleapis/discovery-artifact-manager/blob/31c88f22fd87bd5fba187c02a29a91b28be032f5/discoveries/logging.v2.json;discovery-artifact-manager;https://github.com/googleapis/discovery-artifact-manager
Overflow;firestore.v1.json;https://github.com/googleapis/discovery-artifact-manager/blob/cb9cafdbd7f409338cbb87ab236a49731d3328e9/discoveries/firestore.v1.json;discovery-artifact-manager;https://github.com/googleapis/discovery-artifact-manager
Overflow;firestore.v1beta1.json;https://github.com/googleapis/discovery-artifact-manager/blob/cb9cafdbd7f409338cbb87ab236a49731d3328e9/discoveries/firestore.v1beta1.json;discovery-artifact-manager;https://github.com/googleapis/discovery-artifact-manager
Overflow;dataflow.v1b3.json;https://github.com/googleapis/discovery-artifact-manager/blob/68600724803fe95fe83e1fc150b0f7cd8fe9d89d/discoveries/dataflow.v1b3.json;discovery-artifact-manager;https://github.com/googleapis/discovery-artifact-manager
Overflow;sheets.v4.json;https://github.com/googleapis/discovery-artifact-manager/blob/2539dde98dc4528992e26bc98e6a54689c5d7926/toolkit/src/test/java/com/google/api/codegen/testsrc/discoveries/sheets.v4.json;discovery-artifact-manager;https://github.com/googleapis/discovery-artifact-manager
Overflow;sheets.v4.json;https://github.com/googleapis/discovery-artifact-manager/blob/2514b44f3c8516fdf5a9fd567c54800905d98923/discoveries/sheets.v4.json;discovery-artifact-manager;https://github.com/googleapis/discovery-artifact-manager
Disabling;accessapproval.v1.json;https://github.com/googleapis/discovery-artifact-manager/blob/096fee7d508b289ed7dd44951c4edc1a1604ed26/discoveries/accessapproval.v1.json;discovery-artifact-manager;https://github.com/googleapis/discovery-artifact-manager
Disabling;tagmanager.v1.json;https://github.com/googleapis/discovery-artifact-manager/blob/9ac1427384a744dd6e29a49b06da51948730adce/discoveries/tagmanager.v1.json;discovery-artifact-manager;https://github.com/googleapis/discovery-artifact-manager
Disabling;cloudbilling.v1.json;https://github.com/googleapis/discovery-artifact-manager/blob/2539dde98dc4528992e26bc98e6a54689c5d7926/toolkit/src/test/java/com/google/api/codegen/testsrc/discoveries/cloudbilling.v1.json;discovery-artifact-manager;https://github.com/googleapis/discovery-artifact-manager
Disabling;iamcredentials.v1.json;https://github.com/googleapis/discovery-artifact-manager/blob/e839cb113ed96c71cdea9499554c79423b7ab17a/discoveries/iamcredentials.v1.json;discovery-artifact-manager;https://github.com/googleapis/discovery-artifact-manager
Disabling;androidmanagement.v1.json;https://github.com/googleapis/discovery-artifact-manager/blob/c12ed2b0f6fb4adc1534847cb51e4ae664f09661/discoveries/androidmanagement.v1.json;discovery-artifact-manager;https://github.com/googleapis/discovery-artifact-manager
Disabling;serviceusage.v1.json;https://github.com/googleapis/discovery-artifact-manager/blob/9702e692e9e9dbb60a1445a7dae789f6846a2807/discoveries/serviceusage.v1.json;discovery-artifact-manager;https://github.com/googleapis/discovery-artifact-manager
Disabling;tagmanager.v2.json;https://github.com/googleapis/discovery-artifact-manager/blob/0f62ef7e60de098d189db207ac0921c599edb4bd/discoveries/tagmanager.v2.json;discovery-artifact-manager;https://github.com/googleapis/discovery-artifact-manager
Disabling;run.v1beta1.json;https://github.com/googleapis/discovery-artifact-manager/blob/4489c3dd7c726d1aacbbbb825e5038c7e223cf9c/discoveries/run.v1beta1.json;discovery-artifact-manager;https://github.com/googleapis/discovery-artifact-manager
Disabling;sourcerepo.v1.json;https://github.com/googleapis/discovery-artifact-manager/blob/4efae92d1f9428409abf2e21b8c6eacb4d4ad28b/discoveries/sourcerepo.v1.json;discovery-artifact-manager;https://github.com/googleapis/discovery-artifact-manager
Disabling;cloudbilling.v1.json;https://github.com/googleapis/discovery-artifact-manager/blob/a0e622077f38ee30ffb5fa3156b5105f46f8eaa8/discoveries/cloudbilling.v1.json;discovery-artifact-manager;https://github.com/googleapis/discovery-artifact-manager
Disabling;jobs.v2.json;https://github.com/googleapis/discovery-artifact-manager/blob/681a02671ca3359b6896ac5cf4f7b4365a490ad0/discoveries/jobs.v2.json;discovery-artifact-manager;https://github.com/googleapis/discovery-artifact-manager
Disabling;serviceusage.v1beta1.json;https://github.com/googleapis/discovery-artifact-manager/blob/9702e692e9e9dbb60a1445a7dae789f6846a2807/discoveries/serviceusage.v1beta1.json;discovery-artifact-manager;https://github.com/googleapis/discovery-artifact-manager
Disabling;jobs.v3.json;https://github.com/googleapis/discovery-artifact-manager/blob/c2934c028951d7363969c27d23d905161f2172c5/discoveries/jobs.v3.json;discovery-artifact-manager;https://github.com/googleapis/discovery-artifact-manager
Disabling;jobs.v3p1beta1.json;https://github.com/googleapis/discovery-artifact-manager/blob/6ca25466dee84a2046f675680846c5590cfba384/discoveries/jobs.v3p1beta1.json;discovery-artifact-manager;https://github.com/googleapis/discovery-artifact-manager
Disabling;cloudsearch.v1.json;https://github.com/googleapis/discovery-artifact-manager/blob/e5f48d9d4a25f050924b40de4e03d08d854762cd/discoveries/cloudsearch.v1.json;discovery-artifact-manager;https://github.com/googleapis/discovery-artifact-manager
Blocking;tagmanager.v1.json;https://github.com/googleapis/discovery-artifact-manager/blob/9ac1427384a744dd6e29a49b06da51948730adce/discoveries/tagmanager.v1.json;discovery-artifact-manager;https://github.com/googleapis/discovery-artifact-manager
Blocking;tagmanager.v2.json;https://github.com/googleapis/discovery-artifact-manager/blob/0f62ef7e60de098d189db207ac0921c599edb4bd/discoveries/tagmanager.v2.json;discovery-artifact-manager;https://github.com/googleapis/discovery-artifact-manager
Blocking;networkmanagement.v1.json;https://github.com/googleapis/discovery-artifact-manager/blob/cb3a93ea45188cba6053da9f9aacb5a467aaddbc/discoveries/networkmanagement.v1.json;discovery-artifact-manager;https://github.com/googleapis/discovery-artifact-manager
Blocking;networkmanagement.v1beta1.json;https://github.com/googleapis/discovery-artifact-manager/blob/b244b6cc87a975d6bae49bcdf38bacd4ea391932/discoveries/networkmanagement.v1beta1.json;discovery-artifact-manager;https://github.com/googleapis/discovery-artifact-manager
Blocking;adexchangebuyer2.v2beta1.json;https://github.com/googleapis/discovery-artifact-manager/blob/8fc78bb0e1ee7e9ae63cafbbfa1836419a3a86ca/discoveries/adexchangebuyer2.v2beta1.json;discovery-artifact-manager;https://github.com/googleapis/discovery-artifact-manager
Blocking;datalabeling.v1beta1.json;https://github.com/googleapis/discovery-artifact-manager/blob/1bdd2346c0b32b2cc86d0acb131697b2ea5ccbe1/discoveries/datalabeling.v1beta1.json;discovery-artifact-manager;https://github.com/googleapis/discovery-artifact-manager
Blocking;cloudidentity.v1.json;https://github.com/googleapis/discovery-artifact-manager/blob/58c6c77b69612b58bafdbb8b72f26addf374f299/discoveries/cloudidentity.v1.json;discovery-artifact-manager;https://github.com/googleapis/discovery-artifact-manager
Blocking;cloudidentity.v1beta1.json;https://github.com/googleapis/discovery-artifact-manager/blob/58c6c77b69612b58bafdbb8b72f26addf374f299/discoveries/cloudidentity.v1beta1.json;discovery-artifact-manager;https://github.com/googleapis/discovery-artifact-manager
Blocking;binaryauthorization.v1.json;https://github.com/googleapis/discovery-artifact-manager/blob/047f762b01154d6cb134da45c6b280162965f3e0/discoveries/binaryauthorization.v1.json;discovery-artifact-manager;https://github.com/googleapis/discovery-artifact-manager
Blocking;binaryauthorization.v1beta1.json;https://github.com/googleapis/discovery-artifact-manager/blob/0ca6c65842986e935318f1b0b534530139f8038a/discoveries/binaryauthorization.v1beta1.json;discovery-artifact-manager;https://github.com/googleapis/discovery-artifact-manager
Blocking;adexchangebuyer.v1.4.json;https://github.com/googleapis/discovery-artifact-manager/blob/2539dde98dc4528992e26bc98e6a54689c5d7926/toolkit/src/test/java/com/google/api/codegen/testsrc/discoveries/adexchangebuyer.v1.4.json;discovery-artifact-manager;https://github.com/googleapis/discovery-artifact-manager
Blocking;adexchangebuyer.v1.4.json;https://github.com/googleapis/discovery-artifact-manager/blob/4ea20d22401ee551f6286a23cdd3e10fcf692b5f/discoveries/adexchangebuyer.v1.4.json;discovery-artifact-manager;https://github.com/googleapis/discovery-artifact-manager
Blocking;deploymentmanager.v2beta.json;https://github.com/googleapis/discovery-artifact-manager/blob/ebec361138618107ff89677dc9a057ce9c35c241/discoveries/deploymentmanager.v2beta.json;discovery-artifact-manager;https://github.com/googleapis/discovery-artifact-manager
Blocking;androidmanagement.v1.json;https://github.com/googleapis/discovery-artifact-manager/blob/c12ed2b0f6fb4adc1534847cb51e4ae664f09661/discoveries/androidmanagement.v1.json;discovery-artifact-manager;https://github.com/googleapis/discovery-artifact-manager
Blocking;servicenetworking.v1.json;https://github.com/googleapis/discovery-artifact-manager/blob/0f62ef7e60de098d189db207ac0921c599edb4bd/discoveries/servicenetworking.v1.json;discovery-artifact-manager;https://github.com/googleapis/discovery-artifact-manager
Blocking;servicenetworking.v1beta.json;https://github.com/googleapis/discovery-artifact-manager/blob/0f62ef7e60de098d189db207ac0921c599edb4bd/discoveries/servicenetworking.v1beta.json;discovery-artifact-manager;https://github.com/googleapis/discovery-artifact-manager
Blocking;serviceconsumermanagement.v1.json;https://github.com/googleapis/discovery-artifact-manager/blob/9702e692e9e9dbb60a1445a7dae789f6846a2807/discoveries/serviceconsumermanagement.v1.json;discovery-artifact-manager;https://github.com/googleapis/discovery-artifact-manager
Blocking;serviceconsumermanagement.v1beta1.json;https://github.com/googleapis/discovery-artifact-manager/blob/9702e692e9e9dbb60a1445a7dae789f6846a2807/discoveries/serviceconsumermanagement.v1beta1.json;discovery-artifact-manager;https://github.com/googleapis/discovery-artifact-manager
Blocking;serviceusage.v1.json;https://github.com/googleapis/discovery-artifact-manager/blob/9702e692e9e9dbb60a1445a7dae789f6846a2807/discoveries/serviceusage.v1.json;discovery-artifact-manager;https://github.com/googleapis/discovery-artifact-manager
Blocking;serviceusage.v1beta1.json;https://github.com/googleapis/discovery-artifact-manager/blob/9702e692e9e9dbb60a1445a7dae789f6846a2807/discoveries/serviceusage.v1beta1.json;discovery-artifact-manager;https://github.com/googleapis/discovery-artifact-manager
Blocking;servicemanagement.v1.json;https://github.com/googleapis/discovery-artifact-manager/blob/ffdcca9773ad5f15d9160c48852395041f2b6e58/discoveries/servicemanagement.v1.json;discovery-artifact-manager;https://github.com/googleapis/discovery-artifact-manager
Blocking;deploymentmanager.alpha.json;https://github.com/googleapis/discovery-artifact-manager/blob/1bdd2346c0b32b2cc86d0acb131697b2ea5ccbe1/discoveries/deploymentmanager.alpha.json;discovery-artifact-manager;https://github.com/googleapis/discovery-artifact-manager
Analysis;cloudasset.v1p4beta1.json;https://github.com/googleapis/discovery-artifact-manager/blob/e5f48d9d4a25f050924b40de4e03d08d854762cd/discoveries/cloudasset.v1p4beta1.json;discovery-artifact-manager;https://github.com/googleapis/discovery-artifact-manager
Analysis;cloudasset.v1.json;https://github.com/googleapis/discovery-artifact-manager/blob/cb9cafdbd7f409338cbb87ab236a49731d3328e9/discoveries/cloudasset.v1.json;discovery-artifact-manager;https://github.com/googleapis/discovery-artifact-manager
Analysis;language.v1beta1.json;https://github.com/googleapis/discovery-artifact-manager/blob/bd357cefca62c4a2f512226f9b401934975218d7/discoveries/language.v1beta1.json;discovery-artifact-manager;https://github.com/googleapis/discovery-artifact-manager
Analysis;language.v1.json;https://github.com/googleapis/discovery-artifact-manager/blob/bd357cefca62c4a2f512226f9b401934975218d7/discoveries/language.v1.json;discovery-artifact-manager;https://github.com/googleapis/discovery-artifact-manager
Analysis;language.v1beta2.json;https://github.com/googleapis/discovery-artifact-manager/blob/bd357cefca62c4a2f512226f9b401934975218d7/discoveries/language.v1beta2.json;discovery-artifact-manager;https://github.com/googleapis/discovery-artifact-manager
Analysis;networkmanagement.v1beta1.json;https://github.com/googleapis/discovery-artifact-manager/blob/b244b6cc87a975d6bae49bcdf38bacd4ea391932/discoveries/networkmanagement.v1beta1.json;discovery-artifact-manager;https://github.com/googleapis/discovery-artifact-manager
Analysis;networkmanagement.v1.json;https://github.com/googleapis/discovery-artifact-manager/blob/cb3a93ea45188cba6053da9f9aacb5a467aaddbc/discoveries/networkmanagement.v1.json;discovery-artifact-manager;https://github.com/googleapis/discovery-artifact-manager
Analysis;pagespeedonline.v5.json;https://github.com/googleapis/discovery-artifact-manager/blob/4ed4e712044ecd666d44956a0ed33fb662a0a373/discoveries/pagespeedonline.v5.json;discovery-artifact-manager;https://github.com/googleapis/discovery-artifact-manager
Analysis;containeranalysis.v1beta1.json;https://github.com/googleapis/discovery-artifact-manager/blob/dfebf7eb7e597e4f7d108b711894a526f60892ee/discoveries/containeranalysis.v1beta1.json;discovery-artifact-manager;https://github.com/googleapis/discovery-artifact-manager
Analysis;containeranalysis.v1alpha1.json;https://github.com/googleapis/discovery-artifact-manager/blob/dfebf7eb7e597e4f7d108b711894a526f60892ee/discoveries/containeranalysis.v1alpha1.json;discovery-artifact-manager;https://github.com/googleapis/discovery-artifact-manager
Analysis;dlp.v2.json;https://github.com/googleapis/discovery-artifact-manager/blob/236ec1a0b5d1b74889f7c8ca7b509a11b7d039c3/discoveries/dlp.v2.json;discovery-artifact-manager;https://github.com/googleapis/discovery-artifact-manager
Analysis;dialogflow.v2.json;https://github.com/googleapis/discovery-artifact-manager/blob/ffce814a16816f78f0110dd71977bc3843a67367/discoveries/dialogflow.v2.json;discovery-artifact-manager;https://github.com/googleapis/discovery-artifact-manager
Analysis;cloudtrace.v1.json;https://github.com/googleapis/discovery-artifact-manager/blob/2539dde98dc4528992e26bc98e6a54689c5d7926/toolkit/src/test/java/com/google/api/codegen/testsrc/discoveries/cloudtrace.v1.json;discovery-artifact-manager;https://github.com/googleapis/discovery-artifact-manager
Impersonation;cloudasset.v1p4beta1.json;https://github.com/googleapis/discovery-artifact-manager/blob/e5f48d9d4a25f050924b40de4e03d08d854762cd/discoveries/cloudasset.v1p4beta1.json;discovery-artifact-manager;https://github.com/googleapis/discovery-artifact-manager
Impersonation;driveactivity.v2.json;https://github.com/googleapis/discovery-artifact-manager/blob/8eeb3a0af559639aff24eeba5a975421f1e34f59/discoveries/driveactivity.v2.json;discovery-artifact-manager;https://github.com/googleapis/discovery-artifact-manager
Impersonation;cloudasset.v1.json;https://github.com/googleapis/discovery-artifact-manager/blob/cb9cafdbd7f409338cbb87ab236a49731d3328e9/discoveries/cloudasset.v1.json;discovery-artifact-manager;https://github.com/googleapis/discovery-artifact-manager
Manipulation;iap.v1beta1.json;https://github.com/googleapis/discovery-artifact-manager/blob/d9a62a29505b9473efd5a1b7798cf90bbac7a209/discoveries/iap.v1beta1.json;discovery-artifact-manager;https://github.com/googleapis/discovery-artifact-manager
Manipulation;policytroubleshooter.v1.json;https://github.com/googleapis/discovery-artifact-manager/blob/84b7dfe279efc5e36209f068b3d9188d80b9b97b/discoveries/policytroubleshooter.v1.json;discovery-artifact-manager;https://github.com/googleapis/discovery-artifact-manager
Manipulation;policytroubleshooter.v1beta.json;https://github.com/googleapis/discovery-artifact-manager/blob/84b7dfe279efc5e36209f068b3d9188d80b9b97b/discoveries/policytroubleshooter.v1beta.json;discovery-artifact-manager;https://github.com/googleapis/discovery-artifact-manager
Manipulation;bigqueryconnection.v1beta1.json;https://github.com/googleapis/discovery-artifact-manager/blob/18cf95d61cf94c92848669bfb3eddeb45d3a19f5/discoveries/bigqueryconnection.v1beta1.json;discovery-artifact-manager;https://github.com/googleapis/discovery-artifact-manager
Manipulation;cloudasset.v1p1beta1.json;https://github.com/googleapis/discovery-artifact-manager/blob/3ab89a75ff88e394d7eff57d118847ac35c96e76/discoveries/cloudasset.v1p1beta1.json;discovery-artifact-manager;https://github.com/googleapis/discovery-artifact-manager
Manipulation;iap.v1.json;https://github.com/googleapis/discovery-artifact-manager/blob/ec8726bd25e81280e7245f31c7f731f2b3daf063/discoveries/iap.v1.json;discovery-artifact-manager;https://github.com/googleapis/discovery-artifact-manager
Manipulation;secretmanager.v1beta1.json;https://github.com/googleapis/discovery-artifact-manager/blob/dfebf7eb7e597e4f7d108b711894a526f60892ee/discoveries/secretmanager.v1beta1.json;discovery-artifact-manager;https://github.com/googleapis/discovery-artifact-manager
Manipulation;accesscontextmanager.v1beta.json;https://github.com/googleapis/discovery-artifact-manager/blob/bd95d14fd552dfc7442b1a3c43a1c495d06c98c2/discoveries/accesscontextmanager.v1beta.json;discovery-artifact-manager;https://github.com/googleapis/discovery-artifact-manager
Manipulation;sourcerepo.v1.json;https://github.com/googleapis/discovery-artifact-manager/blob/4efae92d1f9428409abf2e21b8c6eacb4d4ad28b/discoveries/sourcerepo.v1.json;discovery-artifact-manager;https://github.com/googleapis/discovery-artifact-manager
Manipulation;bigquery.v2.json;https://github.com/googleapis/discovery-artifact-manager/blob/a0c8dc48b197c567f891d97aa8e329c273b79ad8/discoveries/bigquery.v2.json;discovery-artifact-manager;https://github.com/googleapis/discovery-artifact-manager
Manipulation;documentai.v1beta3.json;https://github.com/googleapis/discovery-artifact-manager/blob/4ea20d22401ee551f6286a23cdd3e10fcf692b5f/discoveries/documentai.v1beta3.json;discovery-artifact-manager;https://github.com/googleapis/discovery-artifact-manager
Manipulation;runtimeconfig.v1beta1.json;https://github.com/googleapis/discovery-artifact-manager/blob/518f1eb1cac95af51a7287e4cdf41117a10d4bae/discoveries/runtimeconfig.v1beta1.json;discovery-artifact-manager;https://github.com/googleapis/discovery-artifact-manager
Manipulation;cloudasset.v1p5beta1.json;https://github.com/googleapis/discovery-artifact-manager/blob/6ade2f13d14f7f22a0ecd9277f555d7fffa1fe15/discoveries/cloudasset.v1p5beta1.json;discovery-artifact-manager;https://github.com/googleapis/discovery-artifact-manager
Manipulation;datafusion.v1beta1.json;https://github.com/googleapis/discovery-artifact-manager/blob/06e7d143c536c80d829642f5247741930467ff7e/discoveries/datafusion.v1beta1.json;discovery-artifact-manager;https://github.com/googleapis/discovery-artifact-manager
Manipulation;servicedirectory.v1beta1.json;https://github.com/googleapis/discovery-artifact-manager/blob/f843703e763a2d68b3d4f89e4e318e4fd5ff3e1b/discoveries/servicedirectory.v1beta1.json;discovery-artifact-manager;https://github.com/googleapis/discovery-artifact-manager
Manipulation;pubsub.v1beta2.json;https://github.com/googleapis/discovery-artifact-manager/blob/9370ea182abe142585a9e111c98f9fffef28a94f/discoveries/pubsub.v1beta2.json;discovery-artifact-manager;https://github.com/googleapis/discovery-artifact-manager
Manipulation;secretmanager.v1.json;https://github.com/googleapis/discovery-artifact-manager/blob/700170af930cd7cefffe5c6014b8b4925db4d619/discoveries/secretmanager.v1.json;discovery-artifact-manager;https://github.com/googleapis/discovery-artifact-manager
Manipulation;cloudfunctions.v1.json;https://github.com/googleapis/discovery-artifact-manager/blob/913a25b34f8b97b39fefa8111d2b2b21b0fc463d/discoveries/cloudfunctions.v1.json;discovery-artifact-manager;https://github.com/googleapis/discovery-artifact-manager
Manipulation;cloudresourcemanager.v1beta1.json;https://github.com/googleapis/discovery-artifact-manager/blob/1d138ab6779424d13ea396ba56713e7847c130f4/discoveries/cloudresourcemanager.v1beta1.json;discovery-artifact-manager;https://github.com/googleapis/discovery-artifact-manager
Manipulation;datafusion.v1.json;https://github.com/googleapis/discovery-artifact-manager/blob/ac6c108df9148b9f6eb26578a538c28264c71cbe/discoveries/datafusion.v1.json;discovery-artifact-manager;https://github.com/googleapis/discovery-artifact-manager
Manipulation;cloudasset.v1p4beta1.json;https://github.com/googleapis/discovery-artifact-manager/blob/e5f48d9d4a25f050924b40de4e03d08d854762cd/discoveries/cloudasset.v1p4beta1.json;discovery-artifact-manager;https://github.com/googleapis/discovery-artifact-manager
Manipulation;artifactregistry.v1beta1.json;https://github.com/googleapis/discovery-artifact-manager/blob/2929db238eb150072b30275112defbe1c893a209/discoveries/artifactregistry.v1beta1.json;discovery-artifact-manager;https://github.com/googleapis/discovery-artifact-manager
Manipulation;cloudbilling.v1.json;https://github.com/googleapis/discovery-artifact-manager/blob/a0e622077f38ee30ffb5fa3156b5105f46f8eaa8/discoveries/cloudbilling.v1.json;discovery-artifact-manager;https://github.com/googleapis/discovery-artifact-manager
Manipulation;cloudresourcemanager.v2.json;https://github.com/googleapis/discovery-artifact-manager/blob/5d039fc54cb4eb280f0dfde4be37f335af8831ae/discoveries/cloudresourcemanager.v2.json;discovery-artifact-manager;https://github.com/googleapis/discovery-artifact-manager
Manipulation;cloudresourcemanager.v2beta1.json;https://github.com/googleapis/discovery-artifact-manager/blob/264e960632c4df566fc2deb4a7f06139ae361c06/discoveries/cloudresourcemanager.v2beta1.json;discovery-artifact-manager;https://github.com/googleapis/discovery-artifact-manager
Manipulation;binaryauthorization.v1beta1.json;https://github.com/googleapis/discovery-artifact-manager/blob/0ca6c65842986e935318f1b0b534530139f8038a/discoveries/binaryauthorization.v1beta1.json;discovery-artifact-manager;https://github.com/googleapis/discovery-artifact-manager
Manipulation;binaryauthorization.v1.json;https://github.com/googleapis/discovery-artifact-manager/blob/047f762b01154d6cb134da45c6b280162965f3e0/discoveries/binaryauthorization.v1.json;discovery-artifact-manager;https://github.com/googleapis/discovery-artifact-manager
Manipulation;eventarc.v1beta1.json;https://github.com/googleapis/discovery-artifact-manager/blob/07fad5c05c1bf30bad94701c17577d1102349832/discoveries/eventarc.v1beta1.json;discovery-artifact-manager;https://github.com/googleapis/discovery-artifact-manager
Manipulation;documentai.v1beta2.json;https://github.com/googleapis/discovery-artifact-manager/blob/b124cc3674560a0dfa2fc37a4690e07b198a30b4/discoveries/documentai.v1beta2.json;discovery-artifact-manager;https://github.com/googleapis/discovery-artifact-manager
Expansion;androidpublisher.v3.json;https://github.com/googleapis/discovery-artifact-manager/blob/0b9917dd2e7e87e522d013a5e5f825550af0d4ab/discoveries/androidpublisher.v3.json;discovery-artifact-manager;https://github.com/googleapis/discovery-artifact-manager
Expansion;youtubeAnalytics.v1.json;https://github.com/googleapis/discovery-artifact-manager/blob/5f10d2675efc2c1ac9dc2fe80a158c7f9bdad74a/discoveries/youtubeAnalytics.v1.json;discovery-artifact-manager;https://github.com/googleapis/discovery-artifact-manager
Expansion;playcustomapp.v1.json;https://github.com/googleapis/discovery-artifact-manager/blob/b8df4812ba89e6d21149e78dcc4ca6573bc4aa1e/discoveries/playcustomapp.v1.json;discovery-artifact-manager;https://github.com/googleapis/discovery-artifact-manager
Expansion;CHANGES;https://github.com/googleapis/discovery-artifact-manager/blob/2539dde98dc4528992e26bc98e6a54689c5d7926/google-api-client-generator/CHANGES;discovery-artifact-manager;https://github.com/googleapis/discovery-artifact-manager
Expansion;abusiveexperiencereport.v1.json;https://github.com/googleapis/discovery-artifact-manager/blob/bd357cefca62c4a2f512226f9b401934975218d7/discoveries/abusiveexperiencereport.v1.json;discovery-artifact-manager;https://github.com/googleapis/discovery-artifact-manager
Expansion;indexing.v3.json;https://github.com/googleapis/discovery-artifact-manager/blob/8e76f97fe2d0698400583930e7704e9030fd07db/discoveries/indexing.v3.json;discovery-artifact-manager;https://github.com/googleapis/discovery-artifact-manager
Expansion;verifiedaccess.v1.json;https://github.com/googleapis/discovery-artifact-manager/blob/b5877989409bb2c4a7ef9ddbce9a78c2b6176002/discoveries/verifiedaccess.v1.json;discovery-artifact-manager;https://github.com/googleapis/discovery-artifact-manager
Expansion;displayvideo.v1beta2.json;https://github.com/googleapis/discovery-artifact-manager/blob/518f1eb1cac95af51a7287e4cdf41117a10d4bae/discoveries/displayvideo.v1beta2.json;discovery-artifact-manager;https://github.com/googleapis/discovery-artifact-manager
Expansion;displayvideo.v1dev.json;https://github.com/googleapis/discovery-artifact-manager/blob/518f1eb1cac95af51a7287e4cdf41117a10d4bae/discoveries/displayvideo.v1dev.json;discovery-artifact-manager;https://github.com/googleapis/discovery-artifact-manager
Linking;identitytoolkit.v3.json;https://github.com/googleapis/discovery-artifact-manager/blob/104edda1f07bb957c9e721428b38ca42aeca408d/discoveries/identitytoolkit.v3.json;discovery-artifact-manager;https://github.com/googleapis/discovery-artifact-manager
Linking;youtubeAnalytics.v2.json;https://github.com/googleapis/discovery-artifact-manager/blob/7d7d329679e1b15b76ea54725366b3a728503739/discoveries/youtubeAnalytics.v2.json;discovery-artifact-manager;https://github.com/googleapis/discovery-artifact-manager
Linking;slides.v1.json;https://github.com/googleapis/discovery-artifact-manager/blob/911a109489e702c1b36514549f4a54fb76b7f450/discoveries/slides.v1.json;discovery-artifact-manager;https://github.com/googleapis/discovery-artifact-manager
Linking;androidpublisher.v3.json;https://github.com/googleapis/discovery-artifact-manager/blob/0b9917dd2e7e87e522d013a5e5f825550af0d4ab/discoveries/androidpublisher.v3.json;discovery-artifact-manager;https://github.com/googleapis/discovery-artifact-manager
Linking;recommendationengine.v1beta1.json;https://github.com/googleapis/discovery-artifact-manager/blob/0df31d346ed2c4b0d3fa6ee7af4def784337236a/discoveries/recommendationengine.v1beta1.json;discovery-artifact-manager;https://github.com/googleapis/discovery-artifact-manager
Linking;firebase.v1beta1.json;https://github.com/googleapis/discovery-artifact-manager/blob/68600724803fe95fe83e1fc150b0f7cd8fe9d89d/discoveries/firebase.v1beta1.json;discovery-artifact-manager;https://github.com/googleapis/discovery-artifact-manager
Linking;dialogflow.v2.json;https://github.com/googleapis/discovery-artifact-manager/blob/ffce814a16816f78f0110dd71977bc3843a67367/discoveries/dialogflow.v2.json;discovery-artifact-manager;https://github.com/googleapis/discovery-artifact-manager
Misuse;adexchangebuyer2.v2beta1.json;https://github.com/googleapis/discovery-artifact-manager/blob/8fc78bb0e1ee7e9ae63cafbbfa1836419a3a86ca/discoveries/adexchangebuyer2.v2beta1.json;discovery-artifact-manager;https://github.com/googleapis/discovery-artifact-manager
Altered;digitalassetlinks.v1.json;https://github.com/googleapis/discovery-artifact-manager/blob/174687e7f82cb260b70bc3104fc1f31b0122db89/discoveries/digitalassetlinks.v1.json;discovery-artifact-manager;https://github.com/googleapis/discovery-artifact-manager
Altered;cloudbuild.v1.json;https://github.com/googleapis/discovery-artifact-manager/blob/13c62e08382dae99ba49c4910497f2ff957370ee/discoveries/cloudbuild.v1.json;discovery-artifact-manager;https://github.com/googleapis/discovery-artifact-manager
Altered;adexchangebuyer.v1.3.json;https://github.com/googleapis/discovery-artifact-manager/blob/9f9090ba33363ba2e01bf355649d6e7b3722629f/discoveries/adexchangebuyer.v1.3.json;discovery-artifact-manager;https://github.com/googleapis/discovery-artifact-manager
Altered;appengine.v1beta5.json;https://github.com/googleapis/discovery-artifact-manager/blob/2539dde98dc4528992e26bc98e6a54689c5d7926/toolkit/src/test/java/com/google/api/codegen/testsrc/discoveries/appengine.v1beta5.json;discovery-artifact-manager;https://github.com/googleapis/discovery-artifact-manager
Altered;adexchangebuyer.v1.4.json;https://github.com/googleapis/discovery-artifact-manager/blob/2539dde98dc4528992e26bc98e6a54689c5d7926/toolkit/src/test/java/com/google/api/codegen/testsrc/discoveries/adexchangebuyer.v1.4.json;discovery-artifact-manager;https://github.com/googleapis/discovery-artifact-manager
Altered;appengine.v1beta4.json;https://github.com/googleapis/discovery-artifact-manager/blob/1b24cf685de4a6efd23aa146c8eb8ef01f3756dd/discoveries/appengine.v1beta4.json;discovery-artifact-manager;https://github.com/googleapis/discovery-artifact-manager
Altered;appengine.v1beta5.json;https://github.com/googleapis/discovery-artifact-manager/blob/1b24cf685de4a6efd23aa146c8eb8ef01f3756dd/discoveries/appengine.v1beta5.json;discovery-artifact-manager;https://github.com/googleapis/discovery-artifact-manager
Altered;appengine.v1.json;https://github.com/googleapis/discovery-artifact-manager/blob/9370ea182abe142585a9e111c98f9fffef28a94f/discoveries/appengine.v1.json;discovery-artifact-manager;https://github.com/googleapis/discovery-artifact-manager
Altered;adexchangebuyer.v1.4.json;https://github.com/googleapis/discovery-artifact-manager/blob/4ea20d22401ee551f6286a23cdd3e10fcf692b5f/discoveries/adexchangebuyer.v1.4.json;discovery-artifact-manager;https://github.com/googleapis/discovery-artifact-manager
Altered;sheets.v4.json;https://github.com/googleapis/discovery-artifact-manager/blob/2539dde98dc4528992e26bc98e6a54689c5d7926/toolkit/src/test/java/com/google/api/codegen/testsrc/discoveries/sheets.v4.json;discovery-artifact-manager;https://github.com/googleapis/discovery-artifact-manager
Altered;appengine.v1beta.json;https://github.com/googleapis/discovery-artifact-manager/blob/9370ea182abe142585a9e111c98f9fffef28a94f/discoveries/appengine.v1beta.json;discovery-artifact-manager;https://github.com/googleapis/discovery-artifact-manager
Altered;docs.v1.json;https://github.com/googleapis/discovery-artifact-manager/blob/911a109489e702c1b36514549f4a54fb76b7f450/discoveries/docs.v1.json;discovery-artifact-manager;https://github.com/googleapis/discovery-artifact-manager
Altered;slides.v1.json;https://github.com/googleapis/discovery-artifact-manager/blob/911a109489e702c1b36514549f4a54fb76b7f450/discoveries/slides.v1.json;discovery-artifact-manager;https://github.com/googleapis/discovery-artifact-manager
Altered;jobs.v3.json;https://github.com/googleapis/discovery-artifact-manager/blob/c2934c028951d7363969c27d23d905161f2172c5/discoveries/jobs.v3.json;discovery-artifact-manager;https://github.com/googleapis/discovery-artifact-manager
Altered;jobs.v3p1beta1.json;https://github.com/googleapis/discovery-artifact-manager/blob/6ca25466dee84a2046f675680846c5590cfba384/discoveries/jobs.v3p1beta1.json;discovery-artifact-manager;https://github.com/googleapis/discovery-artifact-manager
Injection;websecurityscanner.v1alpha.json;https://github.com/googleapis/discovery-artifact-manager/blob/3948226987d06abccff5e11a8037887cb37b74c5/discoveries/websecurityscanner.v1alpha.json;discovery-artifact-manager;https://github.com/googleapis/discovery-artifact-manager
Injection;securitycenter.v1beta1.json;https://github.com/googleapis/discovery-artifact-manager/blob/031caa3cc3e12ac0de8074dbc419396f5119e839/discoveries/securitycenter.v1beta1.json;discovery-artifact-manager;https://github.com/googleapis/discovery-artifact-manager
Injection;securitycenter.v1beta2.json;https://github.com/googleapis/discovery-artifact-manager/blob/031caa3cc3e12ac0de8074dbc419396f5119e839/discoveries/securitycenter.v1beta2.json;discovery-artifact-manager;https://github.com/googleapis/discovery-artifact-manager
Injection;securitycenter.v1.json;https://github.com/googleapis/discovery-artifact-manager/blob/031caa3cc3e12ac0de8074dbc419396f5119e839/discoveries/securitycenter.v1.json;discovery-artifact-manager;https://github.com/googleapis/discovery-artifact-manager
Inclusion;LICENSE;https://github.com/googleapis/discovery-artifact-manager/blob/2539dde98dc4528992e26bc98e6a54689c5d7926/google-api-client-generator/src/googleapis/codegen/languages/dart/0.1/templates/google_api____api_name_______api_version___/LICENSE;discovery-artifact-manager;https://github.com/googleapis/discovery-artifact-manager
Inclusion;LICENSE.snip;https://github.com/googleapis/discovery-artifact-manager/blob/2539dde98dc4528992e26bc98e6a54689c5d7926/toolkit/src/main/resources/com/google/api/codegen/LICENSE.snip;discovery-artifact-manager;https://github.com/googleapis/discovery-artifact-manager
Inclusion;LICENSE;https://github.com/googleapis/discovery-artifact-manager/blob/2539dde98dc4528992e26bc98e6a54689c5d7926/google-api-client-generator/LICENSE;discovery-artifact-manager;https://github.com/googleapis/discovery-artifact-manager
Inclusion;LICENSE;https://github.com/googleapis/discovery-artifact-manager/blob/2539dde98dc4528992e26bc98e6a54689c5d7926/LICENSE;discovery-artifact-manager;https://github.com/googleapis/discovery-artifact-manager
Inclusion;LICENSE;https://github.com/googleapis/discovery-artifact-manager/blob/2539dde98dc4528992e26bc98e6a54689c5d7926/toolkit/LICENSE;discovery-artifact-manager;https://github.com/googleapis/discovery-artifact-manager
Inclusion;COPYING;https://github.com/googleapis/discovery-artifact-manager/blob/2539dde98dc4528992e26bc98e6a54689c5d7926/clients/nodejs/google-api-nodejs-client/COPYING;discovery-artifact-manager;https://github.com/googleapis/discovery-artifact-manager
Inclusion;LICENSE;https://github.com/googleapis/discovery-artifact-manager/blob/2539dde98dc4528992e26bc98e6a54689c5d7926/clients/php/google-api-php-client-services/LICENSE;discovery-artifact-manager;https://github.com/googleapis/discovery-artifact-manager
Inclusion;LICENSE;https://github.com/googleapis/discovery-artifact-manager/blob/2539dde98dc4528992e26bc98e6a54689c5d7926/clients/ruby/google-api-ruby-client/LICENSE;discovery-artifact-manager;https://github.com/googleapis/discovery-artifact-manager
Inclusion;java_common_protos.baseline;https://github.com/googleapis/discovery-artifact-manager/blob/2539dde98dc4528992e26bc98e6a54689c5d7926/toolkit/src/test/java/com/google/api/codegen/grpcmetadatagen/testdata/java_common_protos.baseline;discovery-artifact-manager;https://github.com/googleapis/discovery-artifact-manager
Inclusion;java_grpc_stubs.baseline;https://github.com/googleapis/discovery-artifact-manager/blob/2539dde98dc4528992e26bc98e6a54689c5d7926/toolkit/src/test/java/com/google/api/codegen/grpcmetadatagen/testdata/java_grpc_stubs.baseline;discovery-artifact-manager;https://github.com/googleapis/discovery-artifact-manager
Inclusion;java_library.baseline;https://github.com/googleapis/discovery-artifact-manager/blob/2539dde98dc4528992e26bc98e6a54689c5d7926/toolkit/src/test/java/com/google/api/codegen/grpcmetadatagen/testdata/java_library.baseline;discovery-artifact-manager;https://github.com/googleapis/discovery-artifact-manager
Inclusion;python_library.baseline;https://github.com/googleapis/discovery-artifact-manager/blob/2539dde98dc4528992e26bc98e6a54689c5d7926/toolkit/src/test/java/com/google/api/codegen/grpcmetadatagen/testdata/python_library.baseline;discovery-artifact-manager;https://github.com/googleapis/discovery-artifact-manager
Inclusion;py_no_path_templates.baseline;https://github.com/googleapis/discovery-artifact-manager/blob/2539dde98dc4528992e26bc98e6a54689c5d7926/toolkit/src/test/java/com/google/api/codegen/testdata/py/py_no_path_templates.baseline;discovery-artifact-manager;https://github.com/googleapis/discovery-artifact-manager
Inclusion;ruby_longrunning.baseline;https://github.com/googleapis/discovery-artifact-manager/blob/367e5798769dd0f2bca1bace1ab4f6f85eaa9bb0/toolkit/src/test/java/com/google/api/codegen/testdata/ruby/ruby_longrunning.baseline;discovery-artifact-manager;https://github.com/googleapis/discovery-artifact-manager
Inclusion;youtubeAnalytics.v2.json;https://github.com/googleapis/discovery-artifact-manager/blob/7d7d329679e1b15b76ea54725366b3a728503739/discoveries/youtubeAnalytics.v2.json;discovery-artifact-manager;https://github.com/googleapis/discovery-artifact-manager
Inclusion;ruby_multiple_services.baseline;https://github.com/googleapis/discovery-artifact-manager/blob/367e5798769dd0f2bca1bace1ab4f6f85eaa9bb0/toolkit/src/test/java/com/google/api/codegen/testdata/ruby/ruby_multiple_services.baseline;discovery-artifact-manager;https://github.com/googleapis/discovery-artifact-manager
Inclusion;securitycenter.v1.json;https://github.com/googleapis/discovery-artifact-manager/blob/031caa3cc3e12ac0de8074dbc419396f5119e839/discoveries/securitycenter.v1.json;discovery-artifact-manager;https://github.com/googleapis/discovery-artifact-manager
Inclusion;securitycenter.v1beta1.json;https://github.com/googleapis/discovery-artifact-manager/blob/031caa3cc3e12ac0de8074dbc419396f5119e839/discoveries/securitycenter.v1beta1.json;discovery-artifact-manager;https://github.com/googleapis/discovery-artifact-manager
Inclusion;androidpublisher.v3.json;https://github.com/googleapis/discovery-artifact-manager/blob/0b9917dd2e7e87e522d013a5e5f825550af0d4ab/discoveries/androidpublisher.v3.json;discovery-artifact-manager;https://github.com/googleapis/discovery-artifact-manager
Inclusion;androiddeviceprovisioning.v1.json;https://github.com/googleapis/discovery-artifact-manager/blob/c324e2bc3b7eaef710f78ebe894e9aa89488a77c/discoveries/androiddeviceprovisioning.v1.json;discovery-artifact-manager;https://github.com/googleapis/discovery-artifact-manager
Inclusion;py_library.baseline;https://github.com/googleapis/discovery-artifact-manager/blob/2539dde98dc4528992e26bc98e6a54689c5d7926/toolkit/src/test/java/com/google/api/codegen/testdata/py/py_library.baseline;discovery-artifact-manager;https://github.com/googleapis/discovery-artifact-manager
Inclusion;monitoring.v1.json;https://github.com/googleapis/discovery-artifact-manager/blob/b84b144958563a253508dd9ce85bfe933e430680/discoveries/monitoring.v1.json;discovery-artifact-manager;https://github.com/googleapis/discovery-artifact-manager
Inclusion;cloudidentity.v1.json;https://github.com/googleapis/discovery-artifact-manager/blob/58c6c77b69612b58bafdbb8b72f26addf374f299/discoveries/cloudidentity.v1.json;discovery-artifact-manager;https://github.com/googleapis/discovery-artifact-manager
Inclusion;ruby_library.baseline;https://github.com/googleapis/discovery-artifact-manager/blob/367e5798769dd0f2bca1bace1ab4f6f85eaa9bb0/toolkit/src/test/java/com/google/api/codegen/testdata/ruby/ruby_library.baseline;discovery-artifact-manager;https://github.com/googleapis/discovery-artifact-manager
Inclusion;healthcare.v1.json;https://github.com/googleapis/discovery-artifact-manager/blob/f6cf4b4992905f494c50217109f50ac010a7aade/discoveries/healthcare.v1.json;discovery-artifact-manager;https://github.com/googleapis/discovery-artifact-manager
Inclusion;adexchangebuyer.v1.4.json;https://github.com/googleapis/discovery-artifact-manager/blob/2539dde98dc4528992e26bc98e6a54689c5d7926/toolkit/src/test/java/com/google/api/codegen/testsrc/discoveries/adexchangebuyer.v1.4.json;discovery-artifact-manager;https://github.com/googleapis/discovery-artifact-manager
Inclusion;cloudidentity.v1beta1.json;https://github.com/googleapis/discovery-artifact-manager/blob/58c6c77b69612b58bafdbb8b72f26addf374f299/discoveries/cloudidentity.v1beta1.json;discovery-artifact-manager;https://github.com/googleapis/discovery-artifact-manager
Inclusion;adexchangebuyer.v1.4.json;https://github.com/googleapis/discovery-artifact-manager/blob/4ea20d22401ee551f6286a23cdd3e10fcf692b5f/discoveries/adexchangebuyer.v1.4.json;discovery-artifact-manager;https://github.com/googleapis/discovery-artifact-manager
Insertion;doubleclickbidmanager.v1.1.json;https://github.com/googleapis/discovery-artifact-manager/blob/264e960632c4df566fc2deb4a7f06139ae361c06/discoveries/doubleclickbidmanager.v1.1.json;discovery-artifact-manager;https://github.com/googleapis/discovery-artifact-manager
Insertion;docs.v1.json;https://github.com/googleapis/discovery-artifact-manager/blob/911a109489e702c1b36514549f4a54fb76b7f450/discoveries/docs.v1.json;discovery-artifact-manager;https://github.com/googleapis/discovery-artifact-manager
Insertion;doubleclickbidmanager.v1.json;https://github.com/googleapis/discovery-artifact-manager/blob/264e960632c4df566fc2deb4a7f06139ae361c06/discoveries/doubleclickbidmanager.v1.json;discovery-artifact-manager;https://github.com/googleapis/discovery-artifact-manager
Insertion;slides.v1.json;https://github.com/googleapis/discovery-artifact-manager/blob/911a109489e702c1b36514549f4a54fb76b7f450/discoveries/slides.v1.json;discovery-artifact-manager;https://github.com/googleapis/discovery-artifact-manager
Insertion;genomics.v1.json;https://github.com/googleapis/discovery-artifact-manager/blob/2539dde98dc4528992e26bc98e6a54689c5d7926/toolkit/src/test/java/com/google/api/codegen/testsrc/discoveries/genomics.v1.json;discovery-artifact-manager;https://github.com/googleapis/discovery-artifact-manager
Insertion;sheets.v4.json;https://github.com/googleapis/discovery-artifact-manager/blob/2539dde98dc4528992e26bc98e6a54689c5d7926/toolkit/src/test/java/com/google/api/codegen/testsrc/discoveries/sheets.v4.json;discovery-artifact-manager;https://github.com/googleapis/discovery-artifact-manager
Insertion;sqladmin.v1beta4.json;https://github.com/googleapis/discovery-artifact-manager/blob/2539dde98dc4528992e26bc98e6a54689c5d7926/toolkit/src/test/java/com/google/api/codegen/testsrc/discoveries/sqladmin.v1beta4.json;discovery-artifact-manager;https://github.com/googleapis/discovery-artifact-manager
Insertion;bigquery.v2.json;https://github.com/googleapis/discovery-artifact-manager/blob/2539dde98dc4528992e26bc98e6a54689c5d7926/toolkit/src/test/java/com/google/api/codegen/testsrc/discoveries/bigquery.v2.json;discovery-artifact-manager;https://github.com/googleapis/discovery-artifact-manager
Insertion;sqladmin.v1beta4.json;https://github.com/googleapis/discovery-artifact-manager/blob/1b257d03d3a5daec3130bb4ac7bb31ca709abcf8/discoveries/sqladmin.v1beta4.json;discovery-artifact-manager;https://github.com/googleapis/discovery-artifact-manager
Scanning;websecurityscanner.v1.json;https://github.com/googleapis/discovery-artifact-manager/blob/951f19582082eb5d2913500bd0a526e0f5decf9c/discoveries/websecurityscanner.v1.json;discovery-artifact-manager;https://github.com/googleapis/discovery-artifact-manager
Scanning;websecurityscanner.v1beta.json;https://github.com/googleapis/discovery-artifact-manager/blob/951f19582082eb5d2913500bd0a526e0f5decf9c/discoveries/websecurityscanner.v1beta.json;discovery-artifact-manager;https://github.com/googleapis/discovery-artifact-manager
Scanning;websecurityscanner.v1alpha.json;https://github.com/googleapis/discovery-artifact-manager/blob/3948226987d06abccff5e11a8037887cb37b74c5/discoveries/websecurityscanner.v1alpha.json;discovery-artifact-manager;https://github.com/googleapis/discovery-artifact-manager
Scanning;dlp.v2.json;https://github.com/googleapis/discovery-artifact-manager/blob/236ec1a0b5d1b74889f7c8ca7b509a11b7d039c3/discoveries/dlp.v2.json;discovery-artifact-manager;https://github.com/googleapis/discovery-artifact-manager
Scanning;containeranalysis.v1beta1.json;https://github.com/googleapis/discovery-artifact-manager/blob/dfebf7eb7e597e4f7d108b711894a526f60892ee/discoveries/containeranalysis.v1beta1.json;discovery-artifact-manager;https://github.com/googleapis/discovery-artifact-manager
Scanning;gmail.v1.json;https://github.com/googleapis/discovery-artifact-manager/blob/951f19582082eb5d2913500bd0a526e0f5decf9c/discoveries/gmail.v1.json;discovery-artifact-manager;https://github.com/googleapis/discovery-artifact-manager
Scanning;securitycenter.v1beta2.json;https://github.com/googleapis/discovery-artifact-manager/blob/031caa3cc3e12ac0de8074dbc419396f5119e839/discoveries/securitycenter.v1beta2.json;discovery-artifact-manager;https://github.com/googleapis/discovery-artifact-manager
Scanning;containeranalysis.v1alpha1.json;https://github.com/googleapis/discovery-artifact-manager/blob/dfebf7eb7e597e4f7d108b711894a526f60892ee/discoveries/containeranalysis.v1alpha1.json;discovery-artifact-manager;https://github.com/googleapis/discovery-artifact-manager
Scanning;sheets.v4.json;https://github.com/googleapis/discovery-artifact-manager/blob/2514b44f3c8516fdf5a9fd567c54800905d98923/discoveries/sheets.v4.json;discovery-artifact-manager;https://github.com/googleapis/discovery-artifact-manager
Discovery;index.json;https://github.com/googleapis/discovery-artifact-manager/blob/1bdd2346c0b32b2cc86d0acb131697b2ea5ccbe1/discoveries/index.json;discovery-artifact-manager;https://github.com/googleapis/discovery-artifact-manager
Discovery;generate-api;https://github.com/googleapis/discovery-artifact-manager/blob/2539dde98dc4528992e26bc98e6a54689c5d7926/clients/ruby/google-api-ruby-client/bin/generate-api;discovery-artifact-manager;https://github.com/googleapis/discovery-artifact-manager
Discovery;compilecheck.sh;https://github.com/googleapis/discovery-artifact-manager/blob/2539dde98dc4528992e26bc98e6a54689c5d7926/src/snippetgen/compilecheck/compilecheck.sh;discovery-artifact-manager;https://github.com/googleapis/discovery-artifact-manager
Discovery;discovery_batch.proto;https://github.com/googleapis/discovery-artifact-manager/blob/2539dde98dc4528992e26bc98e6a54689c5d7926/toolkit/src/main/proto/com/google/api/codegen/discovery_batch.proto;discovery-artifact-manager;https://github.com/googleapis/discovery-artifact-manager
Probe;run.v1.json;https://github.com/googleapis/discovery-artifact-manager/blob/ac3b589a8a856fd244ec759228e44d8fe8458ce5/discoveries/run.v1.json;discovery-artifact-manager;https://github.com/googleapis/discovery-artifact-manager
Probe;run.v1alpha1.json;https://github.com/googleapis/discovery-artifact-manager/blob/4489c3dd7c726d1aacbbbb825e5038c7e223cf9c/discoveries/run.v1alpha1.json;discovery-artifact-manager;https://github.com/googleapis/discovery-artifact-manager
Probe;networkmanagement.v1beta1.json;https://github.com/googleapis/discovery-artifact-manager/blob/b244b6cc87a975d6bae49bcdf38bacd4ea391932/discoveries/networkmanagement.v1beta1.json;discovery-artifact-manager;https://github.com/googleapis/discovery-artifact-manager
Probe;networkmanagement.v1.json;https://github.com/googleapis/discovery-artifact-manager/blob/cb3a93ea45188cba6053da9f9aacb5a467aaddbc/discoveries/networkmanagement.v1.json;discovery-artifact-manager;https://github.com/googleapis/discovery-artifact-manager
Probe;spanner.v1.json;https://github.com/googleapis/discovery-artifact-manager/blob/e443084b4025c24a64dc93ea527784dc85fec85f/discoveries/spanner.v1.json;discovery-artifact-manager;https://github.com/googleapis/discovery-artifact-manager
Spoofing of;alertcenter.v1beta1.json;https://github.com/googleapis/discovery-artifact-manager/blob/21e590294930a32ed2034c3ef6bb43564ce8f73e/discoveries/alertcenter.v1beta1.json;discovery-artifact-manager;https://github.com/googleapis/discovery-artifact-manager
Spoofing of;networkmanagement.v1beta1.json;https://github.com/googleapis/discovery-artifact-manager/blob/b244b6cc87a975d6bae49bcdf38bacd4ea391932/discoveries/networkmanagement.v1beta1.json;discovery-artifact-manager;https://github.com/googleapis/discovery-artifact-manager
Spoofing of;networkmanagement.v1.json;https://github.com/googleapis/discovery-artifact-manager/blob/cb3a93ea45188cba6053da9f9aacb5a467aaddbc/discoveries/networkmanagement.v1.json;discovery-artifact-manager;https://github.com/googleapis/discovery-artifact-manager
Modification of;storagetransfer.v1.json;https://github.com/googleapis/discovery-artifact-manager/blob/2539dde98dc4528992e26bc98e6a54689c5d7926/toolkit/src/test/java/com/google/api/codegen/testsrc/discoveries/storagetransfer.v1.json;discovery-artifact-manager;https://github.com/googleapis/discovery-artifact-manager
Collect Data from;java_simplecompute.v1.json.baseline;https://github.com/googleapis/discovery-artifact-manager/blob/2539dde98dc4528992e26bc98e6a54689c5d7926/toolkit/src/test/java/com/google/api/codegen/testdata/discogapic/java/java_simplecompute.v1.json.baseline;discovery-artifact-manager;https://github.com/googleapis/discovery-artifact-manager
Collect Data from;build.gradle;https://github.com/googleapis/discovery-artifact-manager/blob/15fb998f1a7bfe2b6d9f89a28568d849b9a3d199/toolkit/build.gradle;discovery-artifact-manager;https://github.com/googleapis/discovery-artifact-manager
Collect Data from;recommendationengine.v1beta1.json;https://github.com/googleapis/discovery-artifact-manager/blob/0df31d346ed2c4b0d3fa6ee7af4def784337236a/discoveries/recommendationengine.v1beta1.json;discovery-artifact-manager;https://github.com/googleapis/discovery-artifact-manager
Collect Data from;dialogflow.v2.json;https://github.com/googleapis/discovery-artifact-manager/blob/ffce814a16816f78f0110dd71977bc3843a67367/discoveries/dialogflow.v2.json;discovery-artifact-manager;https://github.com/googleapis/discovery-artifact-manager
Collect Data from;dataproc.v1beta2.json;https://github.com/googleapis/discovery-artifact-manager/blob/4495bc0c946221a13220bf7cb0e80e01ee97b360/discoveries/dataproc.v1beta2.json;discovery-artifact-manager;https://github.com/googleapis/discovery-artifact-manager
Collect Data from;dataproc.v1.json;https://github.com/googleapis/discovery-artifact-manager/blob/4495bc0c946221a13220bf7cb0e80e01ee97b360/discoveries/dataproc.v1.json;discovery-artifact-manager;https://github.com/googleapis/discovery-artifact-manager
Bypassing of;gmail.v1.json;https://github.com/googleapis/discovery-artifact-manager/blob/951f19582082eb5d2913500bd0a526e0f5decf9c/discoveries/gmail.v1.json;discovery-artifact-manager;https://github.com/googleapis/discovery-artifact-manager
Manipulate;calendar.v3.json;https://github.com/googleapis/discovery-artifact-manager/blob/1f6ed8b65fb492bb6e5252d1c3b799db441d876c/discoveries/calendar.v3.json;discovery-artifact-manager;https://github.com/googleapis/discovery-artifact-manager
Manipulate;run.v1alpha1.json;https://github.com/googleapis/discovery-artifact-manager/blob/4489c3dd7c726d1aacbbbb825e5038c7e223cf9c/discoveries/run.v1alpha1.json;discovery-artifact-manager;https://github.com/googleapis/discovery-artifact-manager
Manipulate;run.v1.json;https://github.com/googleapis/discovery-artifact-manager/blob/ac3b589a8a856fd244ec759228e44d8fe8458ce5/discoveries/run.v1.json;discovery-artifact-manager;https://github.com/googleapis/discovery-artifact-manager
Manipulating;androidpublisher.v3.json;https://github.com/googleapis/discovery-artifact-manager/blob/0b9917dd2e7e87e522d013a5e5f825550af0d4ab/discoveries/androidpublisher.v3.json;discovery-artifact-manager;https://github.com/googleapis/discovery-artifact-manager
Manipulating;androidenterprise.v1.json;https://github.com/googleapis/discovery-artifact-manager/blob/0a217fb334dc72ab260c6f094b3d9abf0e502c36/discoveries/androidenterprise.v1.json;discovery-artifact-manager;https://github.com/googleapis/discovery-artifact-manager
Disabling;accessapproval.v1.json;https://github.com/googleapis/discovery-artifact-manager/blob/096fee7d508b289ed7dd44951c4edc1a1604ed26/discoveries/accessapproval.v1.json;discovery-artifact-manager;https://github.com/googleapis/discovery-artifact-manager
Disabling;tagmanager.v1.json;https://github.com/googleapis/discovery-artifact-manager/blob/9ac1427384a744dd6e29a49b06da51948730adce/discoveries/tagmanager.v1.json;discovery-artifact-manager;https://github.com/googleapis/discovery-artifact-manager
Disabling;cloudbilling.v1.json;https://github.com/googleapis/discovery-artifact-manager/blob/2539dde98dc4528992e26bc98e6a54689c5d7926/toolkit/src/test/java/com/google/api/codegen/testsrc/discoveries/cloudbilling.v1.json;discovery-artifact-manager;https://github.com/googleapis/discovery-artifact-manager
Disabling;iamcredentials.v1.json;https://github.com/googleapis/discovery-artifact-manager/blob/e839cb113ed96c71cdea9499554c79423b7ab17a/discoveries/iamcredentials.v1.json;discovery-artifact-manager;https://github.com/googleapis/discovery-artifact-manager
Disabling;androidmanagement.v1.json;https://github.com/googleapis/discovery-artifact-manager/blob/c12ed2b0f6fb4adc1534847cb51e4ae664f09661/discoveries/androidmanagement.v1.json;discovery-artifact-manager;https://github.com/googleapis/discovery-artifact-manager
Disabling;serviceusage.v1.json;https://github.com/googleapis/discovery-artifact-manager/blob/9702e692e9e9dbb60a1445a7dae789f6846a2807/discoveries/serviceusage.v1.json;discovery-artifact-manager;https://github.com/googleapis/discovery-artifact-manager
Disabling;tagmanager.v2.json;https://github.com/googleapis/discovery-artifact-manager/blob/0f62ef7e60de098d189db207ac0921c599edb4bd/discoveries/tagmanager.v2.json;discovery-artifact-manager;https://github.com/googleapis/discovery-artifact-manager
Disabling;run.v1beta1.json;https://github.com/googleapis/discovery-artifact-manager/blob/4489c3dd7c726d1aacbbbb825e5038c7e223cf9c/discoveries/run.v1beta1.json;discovery-artifact-manager;https://github.com/googleapis/discovery-artifact-manager
Disabling;sourcerepo.v1.json;https://github.com/googleapis/discovery-artifact-manager/blob/4efae92d1f9428409abf2e21b8c6eacb4d4ad28b/discoveries/sourcerepo.v1.json;discovery-artifact-manager;https://github.com/googleapis/discovery-artifact-manager
Disabling;cloudbilling.v1.json;https://github.com/googleapis/discovery-artifact-manager/blob/a0e622077f38ee30ffb5fa3156b5105f46f8eaa8/discoveries/cloudbilling.v1.json;discovery-artifact-manager;https://github.com/googleapis/discovery-artifact-manager
Disabling;jobs.v2.json;https://github.com/googleapis/discovery-artifact-manager/blob/681a02671ca3359b6896ac5cf4f7b4365a490ad0/discoveries/jobs.v2.json;discovery-artifact-manager;https://github.com/googleapis/discovery-artifact-manager
Disabling;serviceusage.v1beta1.json;https://github.com/googleapis/discovery-artifact-manager/blob/9702e692e9e9dbb60a1445a7dae789f6846a2807/discoveries/serviceusage.v1beta1.json;discovery-artifact-manager;https://github.com/googleapis/discovery-artifact-manager
Disabling;jobs.v3.json;https://github.com/googleapis/discovery-artifact-manager/blob/c2934c028951d7363969c27d23d905161f2172c5/discoveries/jobs.v3.json;discovery-artifact-manager;https://github.com/googleapis/discovery-artifact-manager
Disabling;jobs.v3p1beta1.json;https://github.com/googleapis/discovery-artifact-manager/blob/6ca25466dee84a2046f675680846c5590cfba384/discoveries/jobs.v3p1beta1.json;discovery-artifact-manager;https://github.com/googleapis/discovery-artifact-manager
Disabling;cloudsearch.v1.json;https://github.com/googleapis/discovery-artifact-manager/blob/e5f48d9d4a25f050924b40de4e03d08d854762cd/discoveries/cloudsearch.v1.json;discovery-artifact-manager;https://github.com/googleapis/discovery-artifact-manager
Accessing;google-api-client.gemspec;https://github.com/googleapis/discovery-artifact-manager/blob/2539dde98dc4528992e26bc98e6a54689c5d7926/clients/ruby/google-api-ruby-client/google-api-client.gemspec;discovery-artifact-manager;https://github.com/googleapis/discovery-artifact-manager
Accessing;realtimebidding.v1.json;https://github.com/googleapis/discovery-artifact-manager/blob/1ee8bf61d8f6250a86ea0b1ca3d1e7a6ad751936/discoveries/realtimebidding.v1.json;discovery-artifact-manager;https://github.com/googleapis/discovery-artifact-manager
Accessing;gmail.v1.json;https://github.com/googleapis/discovery-artifact-manager/blob/951f19582082eb5d2913500bd0a526e0f5decf9c/discoveries/gmail.v1.json;discovery-artifact-manager;https://github.com/googleapis/discovery-artifact-manager
Accessing;container.v1.json;https://github.com/googleapis/discovery-artifact-manager/blob/2539dde98dc4528992e26bc98e6a54689c5d7926/toolkit/src/test/java/com/google/api/codegen/testsrc/discoveries/container.v1.json;discovery-artifact-manager;https://github.com/googleapis/discovery-artifact-manager
Accessing;cloudidentity.v1beta1.json;https://github.com/googleapis/discovery-artifact-manager/blob/58c6c77b69612b58bafdbb8b72f26addf374f299/discoveries/cloudidentity.v1beta1.json;discovery-artifact-manager;https://github.com/googleapis/discovery-artifact-manager
Accessing;cloudidentity.v1.json;https://github.com/googleapis/discovery-artifact-manager/blob/58c6c77b69612b58bafdbb8b72f26addf374f299/discoveries/cloudidentity.v1.json;discovery-artifact-manager;https://github.com/googleapis/discovery-artifact-manager
Accessing;script.v1.json;https://github.com/googleapis/discovery-artifact-manager/blob/88c4c95a97b03f1bf98ef0e0d2856407e64b529a/discoveries/script.v1.json;discovery-artifact-manager;https://github.com/googleapis/discovery-artifact-manager
Accessing;composer.v1.json;https://github.com/googleapis/discovery-artifact-manager/blob/e5f48d9d4a25f050924b40de4e03d08d854762cd/discoveries/composer.v1.json;discovery-artifact-manager;https://github.com/googleapis/discovery-artifact-manager
Accessing;clouduseraccounts.beta.json;https://github.com/googleapis/discovery-artifact-manager/blob/2539dde98dc4528992e26bc98e6a54689c5d7926/toolkit/src/test/java/com/google/api/codegen/testsrc/discoveries/clouduseraccounts.beta.json;discovery-artifact-manager;https://github.com/googleapis/discovery-artifact-manager
Modifying;LICENSE;https://github.com/googleapis/discovery-artifact-manager/blob/2539dde98dc4528992e26bc98e6a54689c5d7926/google-api-client-generator/src/googleapis/codegen/languages/dart/0.1/templates/google_api____api_name_______api_version___/LICENSE;discovery-artifact-manager;https://github.com/googleapis/discovery-artifact-manager
Modifying;LICENSE.snip;https://github.com/googleapis/discovery-artifact-manager/blob/2539dde98dc4528992e26bc98e6a54689c5d7926/toolkit/src/main/resources/com/google/api/codegen/LICENSE.snip;discovery-artifact-manager;https://github.com/googleapis/discovery-artifact-manager
Modifying;LICENSE;https://github.com/googleapis/discovery-artifact-manager/blob/2539dde98dc4528992e26bc98e6a54689c5d7926/google-api-client-generator/LICENSE;discovery-artifact-manager;https://github.com/googleapis/discovery-artifact-manager
Modifying;LICENSE;https://github.com/googleapis/discovery-artifact-manager/blob/2539dde98dc4528992e26bc98e6a54689c5d7926/LICENSE;discovery-artifact-manager;https://github.com/googleapis/discovery-artifact-manager
Modifying;LICENSE;https://github.com/googleapis/discovery-artifact-manager/blob/2539dde98dc4528992e26bc98e6a54689c5d7926/toolkit/LICENSE;discovery-artifact-manager;https://github.com/googleapis/discovery-artifact-manager
Modifying;COPYING;https://github.com/googleapis/discovery-artifact-manager/blob/2539dde98dc4528992e26bc98e6a54689c5d7926/clients/nodejs/google-api-nodejs-client/COPYING;discovery-artifact-manager;https://github.com/googleapis/discovery-artifact-manager
Modifying;LICENSE;https://github.com/googleapis/discovery-artifact-manager/blob/2539dde98dc4528992e26bc98e6a54689c5d7926/clients/php/google-api-php-client-services/LICENSE;discovery-artifact-manager;https://github.com/googleapis/discovery-artifact-manager
Modifying;LICENSE;https://github.com/googleapis/discovery-artifact-manager/blob/2539dde98dc4528992e26bc98e6a54689c5d7926/clients/ruby/google-api-ruby-client/LICENSE;discovery-artifact-manager;https://github.com/googleapis/discovery-artifact-manager
Modifying;java_common_protos.baseline;https://github.com/googleapis/discovery-artifact-manager/blob/2539dde98dc4528992e26bc98e6a54689c5d7926/toolkit/src/test/java/com/google/api/codegen/grpcmetadatagen/testdata/java_common_protos.baseline;discovery-artifact-manager;https://github.com/googleapis/discovery-artifact-manager
Modifying;java_grpc_stubs.baseline;https://github.com/googleapis/discovery-artifact-manager/blob/2539dde98dc4528992e26bc98e6a54689c5d7926/toolkit/src/test/java/com/google/api/codegen/grpcmetadatagen/testdata/java_grpc_stubs.baseline;discovery-artifact-manager;https://github.com/googleapis/discovery-artifact-manager
Modifying;java_library.baseline;https://github.com/googleapis/discovery-artifact-manager/blob/2539dde98dc4528992e26bc98e6a54689c5d7926/toolkit/src/test/java/com/google/api/codegen/grpcmetadatagen/testdata/java_library.baseline;discovery-artifact-manager;https://github.com/googleapis/discovery-artifact-manager
Modifying;python_library.baseline;https://github.com/googleapis/discovery-artifact-manager/blob/2539dde98dc4528992e26bc98e6a54689c5d7926/toolkit/src/test/java/com/google/api/codegen/grpcmetadatagen/testdata/python_library.baseline;discovery-artifact-manager;https://github.com/googleapis/discovery-artifact-manager
Counterfeit;adexchangebuyer2.v2beta1.json;https://github.com/googleapis/discovery-artifact-manager/blob/8fc78bb0e1ee7e9ae63cafbbfa1836419a3a86ca/discoveries/adexchangebuyer2.v2beta1.json;discovery-artifact-manager;https://github.com/googleapis/discovery-artifact-manager
Fake the;nodejs_no_path_templates.baseline;https://github.com/googleapis/discovery-artifact-manager/blob/367e5798769dd0f2bca1bace1ab4f6f85eaa9bb0/toolkit/src/test/java/com/google/api/codegen/testdata/nodejs/nodejs_no_path_templates.baseline;discovery-artifact-manager;https://github.com/googleapis/discovery-artifact-manager
Fake the;py_no_path_templates.baseline;https://github.com/googleapis/discovery-artifact-manager/blob/2539dde98dc4528992e26bc98e6a54689c5d7926/toolkit/src/test/java/com/google/api/codegen/testdata/py/py_no_path_templates.baseline;discovery-artifact-manager;https://github.com/googleapis/discovery-artifact-manager
Fake the;nodejs_library.baseline;https://github.com/googleapis/discovery-artifact-manager/blob/367e5798769dd0f2bca1bace1ab4f6f85eaa9bb0/toolkit/src/test/java/com/google/api/codegen/testdata/nodejs/nodejs_library.baseline;discovery-artifact-manager;https://github.com/googleapis/discovery-artifact-manager
Fake the;nodejs_doc_library.baseline;https://github.com/googleapis/discovery-artifact-manager/blob/367e5798769dd0f2bca1bace1ab4f6f85eaa9bb0/toolkit/src/test/java/com/google/api/codegen/testdata/nodejs/nodejs_doc_library.baseline;discovery-artifact-manager;https://github.com/googleapis/discovery-artifact-manager
Fake the;nodejs_multiple_services.baseline;https://github.com/googleapis/discovery-artifact-manager/blob/367e5798769dd0f2bca1bace1ab4f6f85eaa9bb0/toolkit/src/test/java/com/google/api/codegen/testdata/nodejs/nodejs_multiple_services.baseline;discovery-artifact-manager;https://github.com/googleapis/discovery-artifact-manager
Fake the;java_no_path_templates.baseline;https://github.com/googleapis/discovery-artifact-manager/blob/2539dde98dc4528992e26bc98e6a54689c5d7926/toolkit/src/test/java/com/google/api/codegen/testdata/java/java_no_path_templates.baseline;discovery-artifact-manager;https://github.com/googleapis/discovery-artifact-manager
Fake the;iam.v1.json;https://github.com/googleapis/discovery-artifact-manager/blob/363f2f6dca954f59a0b83c3a4ac1b169b9005370/discoveries/iam.v1.json;discovery-artifact-manager;https://github.com/googleapis/discovery-artifact-manager
Fake the;tagmanager.v2.json;https://github.com/googleapis/discovery-artifact-manager/blob/0f62ef7e60de098d189db207ac0921c599edb4bd/discoveries/tagmanager.v2.json;discovery-artifact-manager;https://github.com/googleapis/discovery-artifact-manager
Using;csharp_adexchangebuyer.v1.4.json.baseline;https://github.com/googleapis/discovery-artifact-manager/blob/2539dde98dc4528992e26bc98e6a54689c5d7926/toolkit/src/test/java/com/google/api/codegen/testdata/discoveries/csharp/csharp_adexchangebuyer.v1.4.json.baseline;discovery-artifact-manager;https://github.com/googleapis/discovery-artifact-manager
Using;csharp_genomics.v1.json.baseline;https://github.com/googleapis/discovery-artifact-manager/blob/367e5798769dd0f2bca1bace1ab4f6f85eaa9bb0/toolkit/src/test/java/com/google/api/codegen/testdata/discoveries/csharp/csharp_genomics.v1.json.baseline;discovery-artifact-manager;https://github.com/googleapis/discovery-artifact-manager
Using;csharp_pubsub.v1.json.baseline;https://github.com/googleapis/discovery-artifact-manager/blob/2539dde98dc4528992e26bc98e6a54689c5d7926/toolkit/src/test/java/com/google/api/codegen/testdata/discoveries/csharp/csharp_pubsub.v1.json.baseline;discovery-artifact-manager;https://github.com/googleapis/discovery-artifact-manager
Using;csharp_healthcase.v1beta1.json.baseline;https://github.com/googleapis/discovery-artifact-manager/blob/613d287249b0bce12d9f0fc55e4a2c4add06902d/toolkit/src/test/java/com/google/api/codegen/testdata/discoveries/csharp/csharp_healthcase.v1beta1.json.baseline;discovery-artifact-manager;https://github.com/googleapis/discovery-artifact-manager
Using;csharp_cloudresourcemanager.v1.json.baseline;https://github.com/googleapis/discovery-artifact-manager/blob/2539dde98dc4528992e26bc98e6a54689c5d7926/toolkit/src/test/java/com/google/api/codegen/testdata/discoveries/csharp/csharp_cloudresourcemanager.v1.json.baseline;discovery-artifact-manager;https://github.com/googleapis/discovery-artifact-manager
Using;csharp_datastore.v1.json.baseline;https://github.com/googleapis/discovery-artifact-manager/blob/2539dde98dc4528992e26bc98e6a54689c5d7926/toolkit/src/test/java/com/google/api/codegen/testdata/discoveries/csharp/csharp_datastore.v1.json.baseline;discovery-artifact-manager;https://github.com/googleapis/discovery-artifact-manager
Using;csharp_container.v1.json.baseline;https://github.com/googleapis/discovery-artifact-manager/blob/2539dde98dc4528992e26bc98e6a54689c5d7926/toolkit/src/test/java/com/google/api/codegen/testdata/discoveries/csharp/csharp_container.v1.json.baseline;discovery-artifact-manager;https://github.com/googleapis/discovery-artifact-manager
Using;csharp_bigquery.v2.json.baseline;https://github.com/googleapis/discovery-artifact-manager/blob/2539dde98dc4528992e26bc98e6a54689c5d7926/toolkit/src/test/java/com/google/api/codegen/testdata/discoveries/csharp/csharp_bigquery.v2.json.baseline;discovery-artifact-manager;https://github.com/googleapis/discovery-artifact-manager
Using;csharp_appengine.v1beta5.json.baseline;https://github.com/googleapis/discovery-artifact-manager/blob/2539dde98dc4528992e26bc98e6a54689c5d7926/toolkit/src/test/java/com/google/api/codegen/testdata/discoveries/csharp/csharp_appengine.v1beta5.json.baseline;discovery-artifact-manager;https://github.com/googleapis/discovery-artifact-manager
Using;csharp_sheets.v4.json.baseline;https://github.com/googleapis/discovery-artifact-manager/blob/2539dde98dc4528992e26bc98e6a54689c5d7926/toolkit/src/test/java/com/google/api/codegen/testdata/discoveries/csharp/csharp_sheets.v4.json.baseline;discovery-artifact-manager;https://github.com/googleapis/discovery-artifact-manager
Using;csharp_clouddebugger.v2.json.baseline;https://github.com/googleapis/discovery-artifact-manager/blob/2539dde98dc4528992e26bc98e6a54689c5d7926/toolkit/src/test/java/com/google/api/codegen/testdata/discoveries/csharp/csharp_clouddebugger.v2.json.baseline;discovery-artifact-manager;https://github.com/googleapis/discovery-artifact-manager
Using;csharp_prediction.v1.6.json.baseline;https://github.com/googleapis/discovery-artifact-manager/blob/2539dde98dc4528992e26bc98e6a54689c5d7926/toolkit/src/test/java/com/google/api/codegen/testdata/discoveries/csharp/csharp_prediction.v1.6.json.baseline;discovery-artifact-manager;https://github.com/googleapis/discovery-artifact-manager
Using;csharp_taskqueue.v1beta2.json.baseline;https://github.com/googleapis/discovery-artifact-manager/blob/2539dde98dc4528992e26bc98e6a54689c5d7926/toolkit/src/test/java/com/google/api/codegen/testdata/discoveries/csharp/csharp_taskqueue.v1beta2.json.baseline;discovery-artifact-manager;https://github.com/googleapis/discovery-artifact-manager
Using;csharp_storagetransfer.v1.json.baseline;https://github.com/googleapis/discovery-artifact-manager/blob/367e5798769dd0f2bca1bace1ab4f6f85eaa9bb0/toolkit/src/test/java/com/google/api/codegen/testdata/discoveries/csharp/csharp_storagetransfer.v1.json.baseline;discovery-artifact-manager;https://github.com/googleapis/discovery-artifact-manager
Using;csharp_sqladmin.v1beta4.json.baseline;https://github.com/googleapis/discovery-artifact-manager/blob/2539dde98dc4528992e26bc98e6a54689c5d7926/toolkit/src/test/java/com/google/api/codegen/testdata/discoveries/csharp/csharp_sqladmin.v1beta4.json.baseline;discovery-artifact-manager;https://github.com/googleapis/discovery-artifact-manager
Using;csharp_deploymentmanager.v2.json.baseline;https://github.com/googleapis/discovery-artifact-manager/blob/2539dde98dc4528992e26bc98e6a54689c5d7926/toolkit/src/test/java/com/google/api/codegen/testdata/discoveries/csharp/csharp_deploymentmanager.v2.json.baseline;discovery-artifact-manager;https://github.com/googleapis/discovery-artifact-manager
Using;csharp_logging.v2beta1.json.baseline;https://github.com/googleapis/discovery-artifact-manager/blob/2539dde98dc4528992e26bc98e6a54689c5d7926/toolkit/src/test/java/com/google/api/codegen/testdata/discoveries/csharp/csharp_logging.v2beta1.json.baseline;discovery-artifact-manager;https://github.com/googleapis/discovery-artifact-manager
Using;csharp_translate.v2.json.baseline;https://github.com/googleapis/discovery-artifact-manager/blob/2539dde98dc4528992e26bc98e6a54689c5d7926/toolkit/src/test/java/com/google/api/codegen/testdata/discoveries/csharp/csharp_translate.v2.json.baseline;discovery-artifact-manager;https://github.com/googleapis/discovery-artifact-manager
Using;csharp_cloudbilling.v1.json.baseline;https://github.com/googleapis/discovery-artifact-manager/blob/2539dde98dc4528992e26bc98e6a54689c5d7926/toolkit/src/test/java/com/google/api/codegen/testdata/discoveries/csharp/csharp_cloudbilling.v1.json.baseline;discovery-artifact-manager;https://github.com/googleapis/discovery-artifact-manager
Using;csharp_replicapoolupdater.v1beta1.json.baseline;https://github.com/googleapis/discovery-artifact-manager/blob/2539dde98dc4528992e26bc98e6a54689c5d7926/toolkit/src/test/java/com/google/api/codegen/testdata/discoveries/csharp/csharp_replicapoolupdater.v1beta1.json.baseline;discovery-artifact-manager;https://github.com/googleapis/discovery-artifact-manager
Using;csharp_clouduseraccounts.beta.json.baseline;https://github.com/googleapis/discovery-artifact-manager/blob/2539dde98dc4528992e26bc98e6a54689c5d7926/toolkit/src/test/java/com/google/api/codegen/testdata/discoveries/csharp/csharp_clouduseraccounts.beta.json.baseline;discovery-artifact-manager;https://github.com/googleapis/discovery-artifact-manager
Using;csharp_storage.v1.json.baseline;https://github.com/googleapis/discovery-artifact-manager/blob/2539dde98dc4528992e26bc98e6a54689c5d7926/toolkit/src/test/java/com/google/api/codegen/testdata/discoveries/csharp/csharp_storage.v1.json.baseline;discovery-artifact-manager;https://github.com/googleapis/discovery-artifact-manager
Using;csharp_cloudmonitoring.v2beta2.json.baseline;https://github.com/googleapis/discovery-artifact-manager/blob/2539dde98dc4528992e26bc98e6a54689c5d7926/toolkit/src/test/java/com/google/api/codegen/testdata/discoveries/csharp/csharp_cloudmonitoring.v2beta2.json.baseline;discovery-artifact-manager;https://github.com/googleapis/discovery-artifact-manager
Using;csharp_cloudtrace.v1.json.baseline;https://github.com/googleapis/discovery-artifact-manager/blob/2539dde98dc4528992e26bc98e6a54689c5d7926/toolkit/src/test/java/com/google/api/codegen/testdata/discoveries/csharp/csharp_cloudtrace.v1.json.baseline;discovery-artifact-manager;https://github.com/googleapis/discovery-artifact-manager
Using;csharp_dns.v1.json.baseline;https://github.com/googleapis/discovery-artifact-manager/blob/2539dde98dc4528992e26bc98e6a54689c5d7926/toolkit/src/test/java/com/google/api/codegen/testdata/discoveries/csharp/csharp_dns.v1.json.baseline;discovery-artifact-manager;https://github.com/googleapis/discovery-artifact-manager
Using;csharp_datastore.v1beta3.json.baseline;https://github.com/googleapis/discovery-artifact-manager/blob/2539dde98dc4528992e26bc98e6a54689c5d7926/toolkit/src/test/java/com/google/api/codegen/testdata/discoveries/csharp/csharp_datastore.v1beta3.json.baseline;discovery-artifact-manager;https://github.com/googleapis/discovery-artifact-manager
Using;csharp_vision.v1.json.baseline;https://github.com/googleapis/discovery-artifact-manager/blob/2539dde98dc4528992e26bc98e6a54689c5d7926/toolkit/src/test/java/com/google/api/codegen/testdata/discoveries/csharp/csharp_vision.v1.json.baseline;discovery-artifact-manager;https://github.com/googleapis/discovery-artifact-manager
Using;csharp_foo.v1.json.baseline;https://github.com/googleapis/discovery-artifact-manager/blob/2539dde98dc4528992e26bc98e6a54689c5d7926/toolkit/src/test/java/com/google/api/codegen/testdata/discoveries/csharp/csharp_foo.v1.json.baseline;discovery-artifact-manager;https://github.com/googleapis/discovery-artifact-manager
Using;reseller.v1.json;https://github.com/googleapis/discovery-artifact-manager/blob/af388164be933758221b214084eb2c84cab07548/discoveries/reseller.v1.json;discovery-artifact-manager;https://github.com/googleapis/discovery-artifact-manager
Using;ruby_adexchangebuyer.v1.4.json.baseline;https://github.com/googleapis/discovery-artifact-manager/blob/2539dde98dc4528992e26bc98e6a54689c5d7926/toolkit/src/test/java/com/google/api/codegen/testdata/discoveries/ruby/ruby_adexchangebuyer.v1.4.json.baseline;discovery-artifact-manager;https://github.com/googleapis/discovery-artifact-manager
Leverage;websecurityscanner.v1alpha.json;https://github.com/googleapis/discovery-artifact-manager/blob/3948226987d06abccff5e11a8037887cb37b74c5/discoveries/websecurityscanner.v1alpha.json;discovery-artifact-manager;https://github.com/googleapis/discovery-artifact-manager
Leverage;bigquery.v2.json;https://github.com/googleapis/discovery-artifact-manager/blob/a0c8dc48b197c567f891d97aa8e329c273b79ad8/discoveries/bigquery.v2.json;discovery-artifact-manager;https://github.com/googleapis/discovery-artifact-manager
Leverage;websecurityscanner.v1.json;https://github.com/googleapis/discovery-artifact-manager/blob/951f19582082eb5d2913500bd0a526e0f5decf9c/discoveries/websecurityscanner.v1.json;discovery-artifact-manager;https://github.com/googleapis/discovery-artifact-manager
Leverage;websecurityscanner.v1beta.json;https://github.com/googleapis/discovery-artifact-manager/blob/951f19582082eb5d2913500bd0a526e0f5decf9c/discoveries/websecurityscanner.v1beta.json;discovery-artifact-manager;https://github.com/googleapis/discovery-artifact-manager
Leverage;remotebuildexecution.v1alpha.json;https://github.com/googleapis/discovery-artifact-manager/blob/f1504f84c02a59e10aa1b927cccb3e5ce2c1aeb0/discoveries/remotebuildexecution.v1alpha.json;discovery-artifact-manager;https://github.com/googleapis/discovery-artifact-manager
Leverage;remotebuildexecution.v1.json;https://github.com/googleapis/discovery-artifact-manager/blob/90e40bf4e7d59c23e951fcf6e460409fc15cd48d/discoveries/remotebuildexecution.v1.json;discovery-artifact-manager;https://github.com/googleapis/discovery-artifact-manager
Leverage;remotebuildexecution.v2.json;https://github.com/googleapis/discovery-artifact-manager/blob/90e40bf4e7d59c23e951fcf6e460409fc15cd48d/discoveries/remotebuildexecution.v2.json;discovery-artifact-manager;https://github.com/googleapis/discovery-artifact-manager
Bypassing;gmail.v1.json;https://github.com/googleapis/discovery-artifact-manager/blob/951f19582082eb5d2913500bd0a526e0f5decf9c/discoveries/gmail.v1.json;discovery-artifact-manager;https://github.com/googleapis/discovery-artifact-manager
Detect;translate.v2.json;https://github.com/googleapis/discovery-artifact-manager/blob/2539dde98dc4528992e26bc98e6a54689c5d7926/discoveries/translate.v2.json;discovery-artifact-manager;https://github.com/googleapis/discovery-artifact-manager
Detect;translate.v2.json;https://github.com/googleapis/discovery-artifact-manager/blob/2539dde98dc4528992e26bc98e6a54689c5d7926/toolkit/src/test/java/com/google/api/codegen/testsrc/discoveries/translate.v2.json;discovery-artifact-manager;https://github.com/googleapis/discovery-artifact-manager
Detect;translate.v3.json;https://github.com/googleapis/discovery-artifact-manager/blob/6f0b44ccecd3ba04769e6621010876b197830d14/discoveries/translate.v3.json;discovery-artifact-manager;https://github.com/googleapis/discovery-artifact-manager
Detect;translate.v3beta1.json;https://github.com/googleapis/discovery-artifact-manager/blob/bd6fd87a462d3eacd7119e08e6ffbeefd75eba2f/discoveries/translate.v3beta1.json;discovery-artifact-manager;https://github.com/googleapis/discovery-artifact-manager
Detect;py_translate.v2.json.baseline;https://github.com/googleapis/discovery-artifact-manager/blob/2539dde98dc4528992e26bc98e6a54689c5d7926/toolkit/src/test/java/com/google/api/codegen/testdata/discoveries/py/py_translate.v2.json.baseline;discovery-artifact-manager;https://github.com/googleapis/discovery-artifact-manager
Detect;ruby_translate.v2.json.baseline;https://github.com/googleapis/discovery-artifact-manager/blob/2539dde98dc4528992e26bc98e6a54689c5d7926/toolkit/src/test/java/com/google/api/codegen/testdata/discoveries/ruby/ruby_translate.v2.json.baseline;discovery-artifact-manager;https://github.com/googleapis/discovery-artifact-manager
Detect;nodejs_translate.v2.json.baseline;https://github.com/googleapis/discovery-artifact-manager/blob/b1ef574b6910c4998d0421d40222cb0347063668/toolkit/src/test/java/com/google/api/codegen/testdata/discoveries/nodejs/nodejs_translate.v2.json.baseline;discovery-artifact-manager;https://github.com/googleapis/discovery-artifact-manager
Detect;dialogflow.v2.json;https://github.com/googleapis/discovery-artifact-manager/blob/ffce814a16816f78f0110dd71977bc3843a67367/discoveries/dialogflow.v2.json;discovery-artifact-manager;https://github.com/googleapis/discovery-artifact-manager
Detect;php_translate.v2.json.baseline;https://github.com/googleapis/discovery-artifact-manager/blob/2539dde98dc4528992e26bc98e6a54689c5d7926/toolkit/src/test/java/com/google/api/codegen/testdata/discoveries/php/php_translate.v2.json.baseline;discovery-artifact-manager;https://github.com/googleapis/discovery-artifact-manager
Detect;csharp_translate.v2.json.baseline;https://github.com/googleapis/discovery-artifact-manager/blob/2539dde98dc4528992e26bc98e6a54689c5d7926/toolkit/src/test/java/com/google/api/codegen/testdata/discoveries/csharp/csharp_translate.v2.json.baseline;discovery-artifact-manager;https://github.com/googleapis/discovery-artifact-manager
Detect;go_translate.v2.json.baseline;https://github.com/googleapis/discovery-artifact-manager/blob/2539dde98dc4528992e26bc98e6a54689c5d7926/toolkit/src/test/java/com/google/api/codegen/testdata/discoveries/go/go_translate.v2.json.baseline;discovery-artifact-manager;https://github.com/googleapis/discovery-artifact-manager
Detect;js_translate.v2.json.baseline;https://github.com/googleapis/discovery-artifact-manager/blob/367e5798769dd0f2bca1bace1ab4f6f85eaa9bb0/toolkit/src/test/java/com/google/api/codegen/testdata/discoveries/js/js_translate.v2.json.baseline;discovery-artifact-manager;https://github.com/googleapis/discovery-artifact-manager
Detect;java_translate.v2.json.baseline;https://github.com/googleapis/discovery-artifact-manager/blob/2539dde98dc4528992e26bc98e6a54689c5d7926/toolkit/src/test/java/com/google/api/codegen/testdata/discoveries/java/java_translate.v2.json.baseline;discovery-artifact-manager;https://github.com/googleapis/discovery-artifact-manager
Detect;playablelocations.v3.json;https://github.com/googleapis/discovery-artifact-manager/blob/6a87782423276a6e6c7f609f22c4f2badaa375db/discoveries/playablelocations.v3.json;discovery-artifact-manager;https://github.com/googleapis/discovery-artifact-manager
Detect;videointelligence.v1beta2.json;https://github.com/googleapis/discovery-artifact-manager/blob/cf25103db10ed46f322fdeab92dfa6c3d0527fa5/discoveries/videointelligence.v1beta2.json;discovery-artifact-manager;https://github.com/googleapis/discovery-artifact-manager
Detect;videointelligence.v1p2beta1.json;https://github.com/googleapis/discovery-artifact-manager/blob/cf25103db10ed46f322fdeab92dfa6c3d0527fa5/discoveries/videointelligence.v1p2beta1.json;discovery-artifact-manager;https://github.com/googleapis/discovery-artifact-manager
Detect;videointelligence.v1p3beta1.json;https://github.com/googleapis/discovery-artifact-manager/blob/cf25103db10ed46f322fdeab92dfa6c3d0527fa5/discoveries/videointelligence.v1p3beta1.json;discovery-artifact-manager;https://github.com/googleapis/discovery-artifact-manager
Probe;run.v1.json;https://github.com/googleapis/discovery-artifact-manager/blob/ac3b589a8a856fd244ec759228e44d8fe8458ce5/discoveries/run.v1.json;discovery-artifact-manager;https://github.com/googleapis/discovery-artifact-manager
Probe;run.v1alpha1.json;https://github.com/googleapis/discovery-artifact-manager/blob/4489c3dd7c726d1aacbbbb825e5038c7e223cf9c/discoveries/run.v1alpha1.json;discovery-artifact-manager;https://github.com/googleapis/discovery-artifact-manager
Probe;networkmanagement.v1beta1.json;https://github.com/googleapis/discovery-artifact-manager/blob/b244b6cc87a975d6bae49bcdf38bacd4ea391932/discoveries/networkmanagement.v1beta1.json;discovery-artifact-manager;https://github.com/googleapis/discovery-artifact-manager
Probe;networkmanagement.v1.json;https://github.com/googleapis/discovery-artifact-manager/blob/cb3a93ea45188cba6053da9f9aacb5a467aaddbc/discoveries/networkmanagement.v1.json;discovery-artifact-manager;https://github.com/googleapis/discovery-artifact-manager
Probe;spanner.v1.json;https://github.com/googleapis/discovery-artifact-manager/blob/e443084b4025c24a64dc93ea527784dc85fec85f/discoveries/spanner.v1.json;discovery-artifact-manager;https://github.com/googleapis/discovery-artifact-manager
Capture;analyticsadmin.v1alpha.json;https://github.com/googleapis/discovery-artifact-manager/blob/940fd7ced4a407d041bd4466a70bcf4048799bdd/discoveries/analyticsadmin.v1alpha.json;discovery-artifact-manager;https://github.com/googleapis/discovery-artifact-manager
Capture;clouddebugger.v2.json;https://github.com/googleapis/discovery-artifact-manager/blob/a9c87d1cff3d9f612f703df9f68d33d3fc6d90c6/discoveries/clouddebugger.v2.json;discovery-artifact-manager;https://github.com/googleapis/discovery-artifact-manager
Capture;clouddebugger.v2.json;https://github.com/googleapis/discovery-artifact-manager/blob/2539dde98dc4528992e26bc98e6a54689c5d7926/toolkit/src/test/java/com/google/api/codegen/testsrc/discoveries/clouddebugger.v2.json;discovery-artifact-manager;https://github.com/googleapis/discovery-artifact-manager
Capture;dataflow.v1b3.json;https://github.com/googleapis/discovery-artifact-manager/blob/68600724803fe95fe83e1fc150b0f7cd8fe9d89d/discoveries/dataflow.v1b3.json;discovery-artifact-manager;https://github.com/googleapis/discovery-artifact-manager
Capture;firebasehosting.v1beta1.json;https://github.com/googleapis/discovery-artifact-manager/blob/ebec361138618107ff89677dc9a057ce9c35c241/discoveries/firebasehosting.v1beta1.json;discovery-artifact-manager;https://github.com/googleapis/discovery-artifact-manager
Capture;lifesciences.v2beta.json;https://github.com/googleapis/discovery-artifact-manager/blob/da6167cba90df0c4dd6ce0d0ce67eb7a73d81822/discoveries/lifesciences.v2beta.json;discovery-artifact-manager;https://github.com/googleapis/discovery-artifact-manager
Capture;securitycenter.v1beta1.json;https://github.com/googleapis/discovery-artifact-manager/blob/031caa3cc3e12ac0de8074dbc419396f5119e839/discoveries/securitycenter.v1beta1.json;discovery-artifact-manager;https://github.com/googleapis/discovery-artifact-manager
Capture;genomics.v1.json;https://github.com/googleapis/discovery-artifact-manager/blob/25a42a2bea776416cbbcbb402f114263188ec987/discoveries/genomics.v1.json;discovery-artifact-manager;https://github.com/googleapis/discovery-artifact-manager
Capture;streetviewpublish.v1.json;https://github.com/googleapis/discovery-artifact-manager/blob/1ee8bf61d8f6250a86ea0b1ca3d1e7a6ad751936/discoveries/streetviewpublish.v1.json;discovery-artifact-manager;https://github.com/googleapis/discovery-artifact-manager
Capture;androidmanagement.v1.json;https://github.com/googleapis/discovery-artifact-manager/blob/c12ed2b0f6fb4adc1534847cb51e4ae664f09661/discoveries/androidmanagement.v1.json;discovery-artifact-manager;https://github.com/googleapis/discovery-artifact-manager
