Analysis;cloudasset.v1p4beta1.json;https://github.com/googleapis/discovery-artifact-manager/blob/e5f48d9d4a25f050924b40de4e03d08d854762cd/discoveries/cloudasset.v1p4beta1.json;discovery-artifact-manager;https://github.com/googleapis/discovery-artifact-manager
Analysis;cloudasset.v1.json;https://github.com/googleapis/discovery-artifact-manager/blob/cb9cafdbd7f409338cbb87ab236a49731d3328e9/discoveries/cloudasset.v1.json;discovery-artifact-manager;https://github.com/googleapis/discovery-artifact-manager
Analysis;Pagespeedapi.php;https://github.com/googleapis/discovery-artifact-manager/blob/2539dde98dc4528992e26bc98e6a54689c5d7926/clients/php/google-api-php-client-services/src/Google/Service/Pagespeedonline/Resource/Pagespeedapi.php;discovery-artifact-manager;https://github.com/googleapis/discovery-artifact-manager
Analysis;v1.js;https://github.com/googleapis/discovery-artifact-manager/blob/2539dde98dc4528992e26bc98e6a54689c5d7926/clients/nodejs/google-api-nodejs-client/apis/pagespeedonline/v1.js;discovery-artifact-manager;https://github.com/googleapis/discovery-artifact-manager
Analysis;classes.rb;https://github.com/googleapis/discovery-artifact-manager/blob/2539dde98dc4528992e26bc98e6a54689c5d7926/clients/ruby/google-api-ruby-client/generated/google/apis/language_v1beta1/classes.rb;discovery-artifact-manager;https://github.com/googleapis/discovery-artifact-manager
Analysis;language.v1beta1.json;https://github.com/googleapis/discovery-artifact-manager/blob/bd357cefca62c4a2f512226f9b401934975218d7/discoveries/language.v1beta1.json;discovery-artifact-manager;https://github.com/googleapis/discovery-artifact-manager
Analysis;language.v1.json;https://github.com/googleapis/discovery-artifact-manager/blob/bd357cefca62c4a2f512226f9b401934975218d7/discoveries/language.v1.json;discovery-artifact-manager;https://github.com/googleapis/discovery-artifact-manager
Analysis;language.v1beta2.json;https://github.com/googleapis/discovery-artifact-manager/blob/bd357cefca62c4a2f512226f9b401934975218d7/discoveries/language.v1beta2.json;discovery-artifact-manager;https://github.com/googleapis/discovery-artifact-manager
Analysis;networkmanagement.v1beta1.json;https://github.com/googleapis/discovery-artifact-manager/blob/b244b6cc87a975d6bae49bcdf38bacd4ea391932/discoveries/networkmanagement.v1beta1.json;discovery-artifact-manager;https://github.com/googleapis/discovery-artifact-manager
Analysis;v2.js;https://github.com/googleapis/discovery-artifact-manager/blob/2539dde98dc4528992e26bc98e6a54689c5d7926/clients/nodejs/google-api-nodejs-client/apis/pagespeedonline/v2.js;discovery-artifact-manager;https://github.com/googleapis/discovery-artifact-manager
Analysis;service.rb;https://github.com/googleapis/discovery-artifact-manager/blob/2539dde98dc4528992e26bc98e6a54689c5d7926/clients/ruby/google-api-ruby-client/generated/google/apis/pagespeedonline_v2/service.rb;discovery-artifact-manager;https://github.com/googleapis/discovery-artifact-manager
Analysis;networkmanagement.v1.json;https://github.com/googleapis/discovery-artifact-manager/blob/cb3a93ea45188cba6053da9f9aacb5a467aaddbc/discoveries/networkmanagement.v1.json;discovery-artifact-manager;https://github.com/googleapis/discovery-artifact-manager
Analysis;pagespeedonline.v5.json;https://github.com/googleapis/discovery-artifact-manager/blob/4ed4e712044ecd666d44956a0ed33fb662a0a373/discoveries/pagespeedonline.v5.json;discovery-artifact-manager;https://github.com/googleapis/discovery-artifact-manager
Analysis;containeranalysis.v1beta1.json;https://github.com/googleapis/discovery-artifact-manager/blob/dfebf7eb7e597e4f7d108b711894a526f60892ee/discoveries/containeranalysis.v1beta1.json;discovery-artifact-manager;https://github.com/googleapis/discovery-artifact-manager
Analysis;cloudtrace_v1.rb;https://github.com/googleapis/discovery-artifact-manager/blob/2539dde98dc4528992e26bc98e6a54689c5d7926/clients/ruby/google-api-ruby-client/generated/google/apis/cloudtrace_v1.rb;discovery-artifact-manager;https://github.com/googleapis/discovery-artifact-manager
Analysis;language_v1beta1.rb;https://github.com/googleapis/discovery-artifact-manager/blob/2539dde98dc4528992e26bc98e6a54689c5d7926/clients/ruby/google-api-ruby-client/generated/google/apis/language_v1beta1.rb;discovery-artifact-manager;https://github.com/googleapis/discovery-artifact-manager
Analysis;containeranalysis.v1alpha1.json;https://github.com/googleapis/discovery-artifact-manager/blob/dfebf7eb7e597e4f7d108b711894a526f60892ee/discoveries/containeranalysis.v1alpha1.json;discovery-artifact-manager;https://github.com/googleapis/discovery-artifact-manager
Analysis;CloudNaturalLanguage.php;https://github.com/googleapis/discovery-artifact-manager/blob/2539dde98dc4528992e26bc98e6a54689c5d7926/clients/php/google-api-php-client-services/src/Google/Service/CloudNaturalLanguage.php;discovery-artifact-manager;https://github.com/googleapis/discovery-artifact-manager
Analysis;CloudNaturalLanguageAPI.php;https://github.com/googleapis/discovery-artifact-manager/blob/2539dde98dc4528992e26bc98e6a54689c5d7926/clients/php/google-api-php-client-services/src/Google/Service/CloudNaturalLanguageAPI.php;discovery-artifact-manager;https://github.com/googleapis/discovery-artifact-manager
Analysis;v1.4.js;https://github.com/googleapis/discovery-artifact-manager/blob/2539dde98dc4528992e26bc98e6a54689c5d7926/clients/nodejs/google-api-nodejs-client/apis/prediction/v1.4.js;discovery-artifact-manager;https://github.com/googleapis/discovery-artifact-manager
Analysis;CloudTrace.php;https://github.com/googleapis/discovery-artifact-manager/blob/2539dde98dc4528992e26bc98e6a54689c5d7926/clients/php/google-api-php-client-services/src/Google/Service/CloudTrace.php;discovery-artifact-manager;https://github.com/googleapis/discovery-artifact-manager
Analysis;dlp.v2.json;https://github.com/googleapis/discovery-artifact-manager/blob/236ec1a0b5d1b74889f7c8ca7b509a11b7d039c3/discoveries/dlp.v2.json;discovery-artifact-manager;https://github.com/googleapis/discovery-artifact-manager
Analysis;PythonNameFormatter.java;https://github.com/googleapis/discovery-artifact-manager/blob/367e5798769dd0f2bca1bace1ab4f6f85eaa9bb0/toolkit/src/main/java/com/google/api/codegen/util/py/PythonNameFormatter.java;discovery-artifact-manager;https://github.com/googleapis/discovery-artifact-manager
Analysis;Trainedmodels.php;https://github.com/googleapis/discovery-artifact-manager/blob/2539dde98dc4528992e26bc98e6a54689c5d7926/clients/php/google-api-php-client-services/src/Google/Service/Prediction/Resource/Trainedmodels.php;discovery-artifact-manager;https://github.com/googleapis/discovery-artifact-manager
Analysis;dialogflow.v2.json;https://github.com/googleapis/discovery-artifact-manager/blob/ffce814a16816f78f0110dd71977bc3843a67367/discoveries/dialogflow.v2.json;discovery-artifact-manager;https://github.com/googleapis/discovery-artifact-manager
Analysis;v1.js;https://github.com/googleapis/discovery-artifact-manager/blob/2539dde98dc4528992e26bc98e6a54689c5d7926/clients/nodejs/google-api-nodejs-client/apis/firebasedynamiclinks/v1.js;discovery-artifact-manager;https://github.com/googleapis/discovery-artifact-manager
Analysis;service.rb;https://github.com/googleapis/discovery-artifact-manager/blob/2539dde98dc4528992e26bc98e6a54689c5d7926/clients/ruby/google-api-ruby-client/generated/google/apis/cloudtrace_v1/service.rb;discovery-artifact-manager;https://github.com/googleapis/discovery-artifact-manager
Analysis;service.rb;https://github.com/googleapis/discovery-artifact-manager/blob/2539dde98dc4528992e26bc98e6a54689c5d7926/clients/ruby/google-api-ruby-client/generated/google/apis/language_v1beta1/service.rb;discovery-artifact-manager;https://github.com/googleapis/discovery-artifact-manager
Analysis;cloudtrace.v1.json;https://github.com/googleapis/discovery-artifact-manager/blob/2539dde98dc4528992e26bc98e6a54689c5d7926/toolkit/src/test/java/com/google/api/codegen/testsrc/discoveries/cloudtrace.v1.json;discovery-artifact-manager;https://github.com/googleapis/discovery-artifact-manager
Analysis;v1.js;https://github.com/googleapis/discovery-artifact-manager/blob/2539dde98dc4528992e26bc98e6a54689c5d7926/clients/nodejs/google-api-nodejs-client/apis/cloudtrace/v1.js;discovery-artifact-manager;https://github.com/googleapis/discovery-artifact-manager
