Fake the;api_test.py;https://github.com/googleapis/discovery-artifact-manager/blob/2539dde98dc4528992e26bc98e6a54689c5d7926/google-api-client-generator/src/googleapis/codegen/api_test.py;discovery-artifact-manager;https://github.com/googleapis/discovery-artifact-manager
Fake the;java_generator_test.py;https://github.com/googleapis/discovery-artifact-manager/blob/2539dde98dc4528992e26bc98e6a54689c5d7926/google-api-client-generator/src/googleapis/codegen/java_generator_test.py;discovery-artifact-manager;https://github.com/googleapis/discovery-artifact-manager
Fake the;nodejs_no_path_templates.baseline;https://github.com/googleapis/discovery-artifact-manager/blob/367e5798769dd0f2bca1bace1ab4f6f85eaa9bb0/toolkit/src/test/java/com/google/api/codegen/testdata/nodejs/nodejs_no_path_templates.baseline;discovery-artifact-manager;https://github.com/googleapis/discovery-artifact-manager
Fake the;schema_test.py;https://github.com/googleapis/discovery-artifact-manager/blob/2539dde98dc4528992e26bc98e6a54689c5d7926/google-api-client-generator/src/googleapis/codegen/schema_test.py;discovery-artifact-manager;https://github.com/googleapis/discovery-artifact-manager
Fake the;data_types_test.py;https://github.com/googleapis/discovery-artifact-manager/blob/2539dde98dc4528992e26bc98e6a54689c5d7926/google-api-client-generator/src/googleapis/codegen/data_types_test.py;discovery-artifact-manager;https://github.com/googleapis/discovery-artifact-manager
Fake the;py_no_path_templates.baseline;https://github.com/googleapis/discovery-artifact-manager/blob/2539dde98dc4528992e26bc98e6a54689c5d7926/toolkit/src/test/java/com/google/api/codegen/testdata/py/py_no_path_templates.baseline;discovery-artifact-manager;https://github.com/googleapis/discovery-artifact-manager
Fake the;cpp_generator_test.py;https://github.com/googleapis/discovery-artifact-manager/blob/2539dde98dc4528992e26bc98e6a54689c5d7926/google-api-client-generator/src/googleapis/codegen/cpp_generator_test.py;discovery-artifact-manager;https://github.com/googleapis/discovery-artifact-manager
Fake the;nodejs_library.baseline;https://github.com/googleapis/discovery-artifact-manager/blob/367e5798769dd0f2bca1bace1ab4f6f85eaa9bb0/toolkit/src/test/java/com/google/api/codegen/testdata/nodejs/nodejs_library.baseline;discovery-artifact-manager;https://github.com/googleapis/discovery-artifact-manager
Fake the;nodejs_doc_library.baseline;https://github.com/googleapis/discovery-artifact-manager/blob/367e5798769dd0f2bca1bace1ab4f6f85eaa9bb0/toolkit/src/test/java/com/google/api/codegen/testdata/nodejs/nodejs_doc_library.baseline;discovery-artifact-manager;https://github.com/googleapis/discovery-artifact-manager
Fake the;nodejs_multiple_services.baseline;https://github.com/googleapis/discovery-artifact-manager/blob/367e5798769dd0f2bca1bace1ab4f6f85eaa9bb0/toolkit/src/test/java/com/google/api/codegen/testdata/nodejs/nodejs_multiple_services.baseline;discovery-artifact-manager;https://github.com/googleapis/discovery-artifact-manager
Fake the;data_value_test.py;https://github.com/googleapis/discovery-artifact-manager/blob/2539dde98dc4528992e26bc98e6a54689c5d7926/google-api-client-generator/src/googleapis/codegen/data_value_test.py;discovery-artifact-manager;https://github.com/googleapis/discovery-artifact-manager
Fake the;spec_helper.rb;https://github.com/googleapis/discovery-artifact-manager/blob/2539dde98dc4528992e26bc98e6a54689c5d7926/clients/ruby/google-api-ruby-client/spec/spec_helper.rb;discovery-artifact-manager;https://github.com/googleapis/discovery-artifact-manager
Fake the;java_no_path_templates.baseline;https://github.com/googleapis/discovery-artifact-manager/blob/2539dde98dc4528992e26bc98e6a54689c5d7926/toolkit/src/test/java/com/google/api/codegen/testdata/java/java_no_path_templates.baseline;discovery-artifact-manager;https://github.com/googleapis/discovery-artifact-manager
Fake the;iam.v1.json;https://github.com/googleapis/discovery-artifact-manager/blob/363f2f6dca954f59a0b83c3a4ac1b169b9005370/discoveries/iam.v1.json;discovery-artifact-manager;https://github.com/googleapis/discovery-artifact-manager
Fake the;tagmanager.v2.json;https://github.com/googleapis/discovery-artifact-manager/blob/0f62ef7e60de098d189db207ac0921c599edb4bd/discoveries/tagmanager.v2.json;discovery-artifact-manager;https://github.com/googleapis/discovery-artifact-manager
