Overflow;PointDistribution.php;https://github.com/googleapis/discovery-artifact-manager/blob/2539dde98dc4528992e26bc98e6a54689c5d7926/clients/php/google-api-php-client-services/src/Google/Service/CloudMonitoring/PointDistribution.php;discovery-artifact-manager;https://github.com/googleapis/discovery-artifact-manager
Overflow;representations.rb;https://github.com/googleapis/discovery-artifact-manager/blob/2539dde98dc4528992e26bc98e6a54689c5d7926/clients/ruby/google-api-ruby-client/generated/google/apis/cloudmonitoring_v2beta2/representations.rb;discovery-artifact-manager;https://github.com/googleapis/discovery-artifact-manager
Overflow;ISSUE_TEMPLATE.md;https://github.com/googleapis/discovery-artifact-manager/blob/2539dde98dc4528992e26bc98e6a54689c5d7926/clients/nodejs/google-api-nodejs-client/.github/ISSUE_TEMPLATE.md;discovery-artifact-manager;https://github.com/googleapis/discovery-artifact-manager
Overflow;classes.rb;https://github.com/googleapis/discovery-artifact-manager/blob/2539dde98dc4528992e26bc98e6a54689c5d7926/clients/ruby/google-api-ruby-client/generated/google/apis/cloudmonitoring_v2beta2/classes.rb;discovery-artifact-manager;https://github.com/googleapis/discovery-artifact-manager
Overflow;CLOSE_ISSUE_TEMPLATE.md;https://github.com/googleapis/discovery-artifact-manager/blob/2539dde98dc4528992e26bc98e6a54689c5d7926/clients/nodejs/google-api-nodejs-client/.github/CLOSE_ISSUE_TEMPLATE.md;discovery-artifact-manager;https://github.com/googleapis/discovery-artifact-manager
Overflow;PointDistributionOverflowBucket.php;https://github.com/googleapis/discovery-artifact-manager/blob/2539dde98dc4528992e26bc98e6a54689c5d7926/clients/php/google-api-php-client-services/src/Google/Service/CloudMonitoring/PointDistributionOverflowBucket.php;discovery-artifact-manager;https://github.com/googleapis/discovery-artifact-manager
Overflow;bug_report.md;https://github.com/googleapis/discovery-artifact-manager/blob/4b6c212b508b831a696e2e3ac505782ba6f7c00d/.github/ISSUE_TEMPLATE/bug_report.md;discovery-artifact-manager;https://github.com/googleapis/discovery-artifact-manager
Overflow;v1.js;https://github.com/googleapis/discovery-artifact-manager/blob/2539dde98dc4528992e26bc98e6a54689c5d7926/clients/nodejs/google-api-nodejs-client/apis/servicecontrol/v1.js;discovery-artifact-manager;https://github.com/googleapis/discovery-artifact-manager
Overflow;cloudmonitoring.v2beta2.json;https://github.com/googleapis/discovery-artifact-manager/blob/2539dde98dc4528992e26bc98e6a54689c5d7926/toolkit/src/test/java/com/google/api/codegen/testsrc/discoveries/cloudmonitoring.v2beta2.json;discovery-artifact-manager;https://github.com/googleapis/discovery-artifact-manager
Overflow;classes.rb;https://github.com/googleapis/discovery-artifact-manager/blob/2539dde98dc4528992e26bc98e6a54689c5d7926/clients/ruby/google-api-ruby-client/generated/google/apis/monitoring_v3/classes.rb;discovery-artifact-manager;https://github.com/googleapis/discovery-artifact-manager
Overflow;v2beta2.js;https://github.com/googleapis/discovery-artifact-manager/blob/2539dde98dc4528992e26bc98e6a54689c5d7926/clients/nodejs/google-api-nodejs-client/apis/cloudmonitoring/v2beta2.js;discovery-artifact-manager;https://github.com/googleapis/discovery-artifact-manager
Overflow;common.go;https://github.com/googleapis/discovery-artifact-manager/blob/2539dde98dc4528992e26bc98e6a54689c5d7926/src/main/common/common.go;discovery-artifact-manager;https://github.com/googleapis/discovery-artifact-manager
Overflow;README.md;https://github.com/googleapis/discovery-artifact-manager/blob/2539dde98dc4528992e26bc98e6a54689c5d7926/clients/ruby/google-api-ruby-client/README.md;discovery-artifact-manager;https://github.com/googleapis/discovery-artifact-manager
Overflow;servicecontrol.v1.json;https://github.com/googleapis/discovery-artifact-manager/blob/8a9b738c3c7a06432bf498f3bd828e36efe60583/discoveries/servicecontrol.v1.json;discovery-artifact-manager;https://github.com/googleapis/discovery-artifact-manager
Overflow;monitoring.v3.json;https://github.com/googleapis/discovery-artifact-manager/blob/e38e1f9c2dd86ee02b9617d1ef88b3cae50629c3/discoveries/monitoring.v3.json;discovery-artifact-manager;https://github.com/googleapis/discovery-artifact-manager
Overflow;logging.v2.json;https://github.com/googleapis/discovery-artifact-manager/blob/31c88f22fd87bd5fba187c02a29a91b28be032f5/discoveries/logging.v2.json;discovery-artifact-manager;https://github.com/googleapis/discovery-artifact-manager
Overflow;v3.js;https://github.com/googleapis/discovery-artifact-manager/blob/2539dde98dc4528992e26bc98e6a54689c5d7926/clients/nodejs/google-api-nodejs-client/apis/monitoring/v3.js;discovery-artifact-manager;https://github.com/googleapis/discovery-artifact-manager
Overflow;firestore.v1.json;https://github.com/googleapis/discovery-artifact-manager/blob/cb9cafdbd7f409338cbb87ab236a49731d3328e9/discoveries/firestore.v1.json;discovery-artifact-manager;https://github.com/googleapis/discovery-artifact-manager
Overflow;firestore.v1beta1.json;https://github.com/googleapis/discovery-artifact-manager/blob/cb9cafdbd7f409338cbb87ab236a49731d3328e9/discoveries/firestore.v1beta1.json;discovery-artifact-manager;https://github.com/googleapis/discovery-artifact-manager
Overflow;dataflow.v1b3.json;https://github.com/googleapis/discovery-artifact-manager/blob/68600724803fe95fe83e1fc150b0f7cd8fe9d89d/discoveries/dataflow.v1b3.json;discovery-artifact-manager;https://github.com/googleapis/discovery-artifact-manager
Overflow;sheets.v4.json;https://github.com/googleapis/discovery-artifact-manager/blob/2539dde98dc4528992e26bc98e6a54689c5d7926/toolkit/src/test/java/com/google/api/codegen/testsrc/discoveries/sheets.v4.json;discovery-artifact-manager;https://github.com/googleapis/discovery-artifact-manager
Overflow;classes.rb;https://github.com/googleapis/discovery-artifact-manager/blob/2539dde98dc4528992e26bc98e6a54689c5d7926/clients/ruby/google-api-ruby-client/generated/google/apis/dataflow_v1b3/classes.rb;discovery-artifact-manager;https://github.com/googleapis/discovery-artifact-manager
Overflow;sheets.v4.json;https://github.com/googleapis/discovery-artifact-manager/blob/2514b44f3c8516fdf5a9fd567c54800905d98923/discoveries/sheets.v4.json;discovery-artifact-manager;https://github.com/googleapis/discovery-artifact-manager
